origin_city_name,dest_city_name,n,distance_km,duration_min,duration_mean,duration_max,price_mean
"Paris, Île-de-France, France","Lyon, Auvergne-Rhône-Alpes, France",1504,390.62880286693303,3.0,5.712555407801418,28.516666666666666,40.80119680851064
"Lyon, Auvergne-Rhône-Alpes, France","Paris, Île-de-France, France",1482,390.62880286693303,2.15,6.251315789473685,41.55,46.2031713900135
"Paris, Île-de-France, France","Lille, Hauts-de-France, France",1101,205.84287484149192,1.1333333333333333,4.28761731759007,37.333333333333336,21.242779291553134
"Paris, Île-de-France, France","Nantes, Pays-de-la-Loire, France",1082,338.3206023259943,2.2666666666666666,5.129497843499692,40.4,37.26700554528651
"Paris, Île-de-France, France","Bordeaux, Nouvelle-Aquitaine, France",762,498.6684113974761,2.533333333333333,7.039435695538058,40.333333333333336,46.59540682414698
"Paris, Île-de-France, France","Amsterdam, Noord-Holland, Nederland",685,430.9743229244989,3.683333333333333,7.838783454987834,36.666666666666664,95.74467153284672
"Nantes, Pays-de-la-Loire, France","Paris, Île-de-France, France",650,338.3206023259943,2.7333333333333334,5.909487179487179,40.1,34.76015384615384
"Paris, Île-de-France, France","Rennes, Bretagne, France",533,308.15984951579856,2.05,4.814727954971858,31.333333333333332,31.676172607879927
"Paris, Île-de-France, France","Bruxelles, Bruxelles-Capitale, Belgique",529,262.6524532494167,1.8166666666666667,3.903906742281033,37.833333333333336,34.04631379962193
"Paris, Île-de-France, France","Marseille, Provence-Alpes-Côte d'Azur, France",511,659.5586162504871,3.4166666666666665,8.355707762557078,30.75,84.38336594911938
"Bordeaux, Nouvelle-Aquitaine, France","Paris, Île-de-France, France",436,498.6684113974761,2.783333333333333,7.310206422018348,33.65,45.22522935779817
"Rennes, Bretagne, France","Paris, Île-de-France, France",388,308.15984951579856,2.4166666666666665,4.076417525773196,26.2,28.620103092783506
"Marseille, Provence-Alpes-Côte d'Azur, France","Paris, Île-de-France, France",367,659.5586162504871,3.6666666666666665,10.193369663941871,42.65,74.32098092643052
"Paris, Île-de-France, France","Toulouse, Occitanie, France",330,586.130990304594,6.0,9.121060606060606,34.78333333333333,53.77454545454545
"Tours, Centre-Val de Loire, France","Paris, Île-de-France, France",327,203.7403625354342,2.0,3.7046890927624876,31.366666666666667,19.984097859327218
"Vannes, Bretagne, France","Paris, Île-de-France, France",287,400.04916523878927,2.7666666666666666,7.2718350754936125,39.55,52.25714285714285
"Lille, Hauts-de-France, France","Paris, Île-de-France, France",276,205.84287484149192,1.4166666666666667,2.680132850241546,6.333333333333333,17.68768115942029
"Paris, Île-de-France, France","Rouen, Normandie, France",270,112.61542361766938,1.3333333333333333,1.8224074074074075,3.9166666666666665,11.03814814814815
"Toulouse, Occitanie, France","Bordeaux, Nouvelle-Aquitaine, France",249,210.88288995624006,2.0,3.2853413654618473,25.683333333333334,18.94578313253012
"Grenoble, Auvergne-Rhône-Alpes, France","Paris, Île-de-France, France",249,480.41448316123024,3.35,7.16318607764391,35.916666666666664,57.35180722891566
"Paris, Île-de-France, France","Strasbourg, Grand-Est, France",248,397.4370733488483,2.4166666666666665,7.395967741935484,33.81666666666667,70.29798387096774
"Lyon, Auvergne-Rhône-Alpes, France","Dijon, Bourgogne-Franche-Comté, France",245,174.08632453952603,1.8333333333333333,2.630544217687075,17.483333333333334,19.472244897959182
"Dijon, Bourgogne-Franche-Comté, France","Lyon, Auvergne-Rhône-Alpes, France",233,174.08632453952603,1.6666666666666667,3.526680972818312,26.0,16.30343347639485
"Paris, Île-de-France, France","Nice, Provence-Alpes-Côte d'Azur, France",223,686.4277513077077,6.65,15.34304932735426,40.7,65.51345291479821
"Toulouse, Occitanie, France","Nantes, Pays-de-la-Loire, France",214,466.0058414349545,5.666666666666667,7.925934579439253,23.583333333333332,40.8696261682243
"Lyon, Auvergne-Rhône-Alpes, France","Lille, Hauts-de-France, France",214,557.4558551001611,6.166666666666667,11.954205607476634,36.916666666666664,44.66869158878505
"Bordeaux, Nouvelle-Aquitaine, France","Toulouse, Occitanie, France",211,210.88288995624006,2.0,2.9864139020537124,41.75,18.5
"Paris, Île-de-France, France","Orléans, Centre-Val de Loire, France",210,109.66408188808204,0.3333333333333333,1.8912698412698414,28.666666666666668,9.973809523809523
"Orléans, Centre-Val de Loire, France","Paris, Île-de-France, France",201,109.66408188808204,1.3333333333333333,3.982587064676617,37.5,12.319900497512439
"Bruxelles, Bruxelles-Capitale, Belgique","Paris, Île-de-France, France",193,262.6524532494167,1.8,5.36139896373057,30.916666666666668,44.00362694300519
"Nice, Provence-Alpes-Côte d'Azur, France","Paris, Île-de-France, France",193,686.4277513077077,5.816666666666666,12.844905008635578,45.71666666666667,81.40880829015543
"Bordeaux, Nouvelle-Aquitaine, France","Nantes, Pays-de-la-Loire, France",185,278.3243620464878,3.0,4.385495495495496,32.333333333333336,26.21891891891892
"Paris, Île-de-France, France","Pau, Nouvelle-Aquitaine, France",183,651.2601201803012,4.85,9.713296903460838,24.0,72.81803278688525
"Rouen, Normandie, France","Paris, Île-de-France, France",173,112.61542361766938,1.1666666666666667,2.3328516377649327,13.466666666666667,12.319653179190752
"Clermont-Ferrand, Auvergne-Rhône-Alpes, France","Paris, Île-de-France, France",173,346.5322575159336,3.6666666666666665,5.246339113680154,23.483333333333334,32.89942196531792
"Paris, Île-de-France, France","Le Mans, Pays-de-la-Loire, France",172,184.34987458184204,1.6666666666666667,2.5377906976744184,7.833333333333333,15.936046511627907
"Marseille, Provence-Alpes-Côte d'Azur, France","Lyon, Auvergne-Rhône-Alpes, France",171,277.6260972375653,2.033333333333333,3.88625730994152,20.083333333333332,23.538011695906434
"Clermont-Ferrand, Auvergne-Rhône-Alpes, France","Lyon, Auvergne-Rhône-Alpes, France",165,136.0015364087268,1.5,2.094949494949495,3.8333333333333335,12.227272727272727
"Paris, Île-de-France, France","Caen, Normandie, France",160,200.26815759072238,2.3333333333333335,4.3334375000000005,28.083333333333332,17.375625
"Strasbourg, Grand-Est, France","Paris, Île-de-France, France",160,397.4370733488483,2.3333333333333335,7.977916666666667,39.13333333333333,61.299375
"Toulouse, Occitanie, France","Paris, Île-de-France, France",157,586.130990304594,5.216666666666667,9.081528662420382,35.333333333333336,56.0828025477707
"Paris, Île-de-France, France","Grenoble, Auvergne-Rhône-Alpes, France",155,480.41448316123024,3.4833333333333334,7.677741935483871,31.583333333333332,45.91161290322581
"Montpellier, Occitanie, France","Toulouse, Occitanie, France",145,198.5462994926857,2.0,2.872413793103448,8.666666666666666,19.626896551724137
"Paris, Île-de-France, France","Reims, Grand-Est, France",143,126.49071584514381,1.3333333333333333,2.0710955710955714,8.383333333333333,16.44895104895105
"Lyon, Auvergne-Rhône-Alpes, France","Marseille, Provence-Alpes-Côte d'Azur, France",143,277.6260972375653,1.9833333333333334,4.390792540792541,17.75,31.56223776223776
"Lille, Hauts-de-France, France","Lyon, Auvergne-Rhône-Alpes, France",136,557.4558551001611,4.216666666666667,10.977941176470589,39.233333333333334,47.82941176470588
"Le Mans, Pays-de-la-Loire, France","Paris, Île-de-France, France",135,184.34987458184204,1.6666666666666667,2.350617283950617,4.333333333333333,15.648148148148149
"Amsterdam, Noord-Holland, Nederland","Paris, Île-de-France, France",134,430.9743229244989,3.7,8.39900497512438,34.5,76.98283582089553
"Valence, Auvergne-Rhône-Alpes, France","Paris, Île-de-France, France",132,476.7244366968269,2.566666666666667,7.7191919191919185,28.583333333333332,61.74242424242424
"Bruxelles, Bruxelles-Capitale, Belgique","Bordeaux, Nouvelle-Aquitaine, France",132,760.8145816405121,5.033333333333333,13.139015151515151,27.666666666666668,50.83030303030303
"Caen, Normandie, France","Paris, Île-de-France, France",131,200.26815759072238,2.3333333333333335,3.271119592875318,30.416666666666668,18.538931297709922
"London, England, United Kingdom","Brighton, England, UK",130,76.21061358130267,1.4666666666666666,2.56474358974359,9.883333333333333,18.305846153846154
"Paris, Île-de-France, France","Tours, Centre-Val de Loire, France",128,203.7403625354342,2.0,3.6419270833333335,23.25,17.9515625
"Paris, Île-de-France, France","Ouistreham, Normandie, France",127,195.65791360379777,2.0,2.820209973753281,5.0,17.700787401574804
"Paris, Île-de-France, France","Limoges, Nouvelle-Aquitaine, France",126,344.6730307448569,3.5,6.466931216931218,27.666666666666668,39.51666666666667
"Paris, Île-de-France, France","Avignon, Provence-Alpes-Côte d'Azur, France",119,575.7919788300785,4.05,8.92703081232493,39.333333333333336,83.01764705882353
"Avignon, Provence-Alpes-Côte d'Azur, France","Marseille, Provence-Alpes-Côte d'Azur, France",116,85.99292939937804,1.0,3.163505747126437,28.166666666666668,10.405172413793103
"Paris, Île-de-France, France","Angers, Pays-de-la-Loire, France",114,264.4324411071109,2.0,4.398976608187135,30.5,27.94736842105263
"Nice, Provence-Alpes-Côte d'Azur, France","Lyon, Auvergne-Rhône-Alpes, France",114,299.46471681503795,4.166666666666667,7.916666666666667,28.5,33.25087719298246
"Vannes, Bretagne, France","Brest, Bretagne, France",113,152.47284259567706,1.8333333333333333,3.0057522123893805,6.266666666666667,25.280530973451327
"Saint-Étienne, Auvergne-Rhône-Alpes, France","Paris, Île-de-France, France",113,409.134851826223,2.8,6.165044247787611,28.0,77.3716814159292
"Niort, Nouvelle-Aquitaine, France","Paris, Île-de-France, France",113,353.6403971186453,2.1666666666666665,8.025368731563422,37.28333333333333,55.58230088495576
"Paris, Île-de-France, France","Valence, Auvergne-Rhône-Alpes, France",110,476.7244366968269,2.7333333333333334,7.995151515151515,32.0,60.08545454545454
"Avignon, Provence-Alpes-Côte d'Azur, France","Paris, Île-de-France, France",110,575.7919788300785,3.75,8.665151515151514,33.416666666666664,86.18363636363637
"Paris, Île-de-France, France","Besançon, Bourgogne-Franche-Comté, France",109,326.37059726951,2.7,6.10045871559633,25.283333333333335,53.21834862385321
"Paris, Île-de-France, France","La Rochelle, Nouvelle-Aquitaine, France",109,398.50442620975986,4.166666666666667,9.795107033639145,29.416666666666668,35.35871559633028
"Lyon, Auvergne-Rhône-Alpes, France","Clermont-Ferrand, Auvergne-Rhône-Alpes, France",107,136.0015364087268,1.6666666666666667,3.168691588785047,26.0,16.351401869158877
"Antwerpen, Vlaanderen, Belgique","Paris, Île-de-France, France",107,301.62307405941647,3.1666666666666665,4.494548286604362,27.916666666666668,25.017757009345797
"Agen, Nouvelle-Aquitaine, France","Toulouse, Occitanie, France",104,91.45722521082774,1.0,1.336698717948718,4.183333333333334,8.65576923076923
"Paris, Île-de-France, France","Dole Choisey, Bourgogne-Franche-Comté, France",104,304.0153823404064,2.1666666666666665,7.59198717948718,30.0,46.94519230769231
"Nantes, Pays-de-la-Loire, France","Rennes, Bretagne, France",101,93.47427158496284,1.0,2.1113861386138613,29.666666666666668,8.092079207920792
"Bordeaux, Nouvelle-Aquitaine, France","Bayonne, Nouvelle-Aquitaine, France",99,165.48794171661163,1.6666666666666667,2.5164983164983163,21.45,14.21010101010101
"Paris, Île-de-France, France","Dijon, Bourgogne-Franche-Comté, France",99,261.1219358368659,2.8333333333333335,4.4326599326599325,19.416666666666668,26.742424242424242
"Lyon, Auvergne-Rhône-Alpes, France","Avignon, Provence-Alpes-Côte d'Azur, France",98,201.45020986903296,2.0,4.156462585034014,22.333333333333332,16.680612244897958
"Paris, Île-de-France, France","Clermont-Ferrand, Auvergne-Rhône-Alpes, France",96,346.5322575159336,3.6666666666666665,7.429513888888889,29.166666666666668,34.981249999999996
"Toulon, Provence-Alpes-Côte d'Azur, France","Ventimiglia, Liguria, Italia",95,154.16745847955224,2.1666666666666665,5.20578947368421,26.016666666666666,30.34526315789474
"Bordeaux, Nouvelle-Aquitaine, France","Lyon, Auvergne-Rhône-Alpes, France",93,435.4790629359759,5.333333333333333,10.911469534050179,32.833333333333336,58.63548387096775
"Le Havre, Normandie, France","Paris, Île-de-France, France",92,178.29822556537164,2.0,2.6947463768115942,8.75,16.621739130434783
"La Rochelle, Nouvelle-Aquitaine, France","Paris, Île-de-France, France",91,398.50442620975986,3.316666666666667,6.73992673992674,31.083333333333332,48.93956043956044
"Paris, Île-de-France, France","Cholet, Pays-de-la-Loire, France",90,311.18469481767283,2.35,7.4840740740740745,28.0,45.817777777777785
"Aix-en-provence, Provence-Alpes-Côte d'Azur, France","Lyon, Auvergne-Rhône-Alpes, France",89,253.7904801372374,3.0,4.262359550561798,20.583333333333332,24.98314606741573
"London, England, United Kingdom","Paris, Île-de-France, France",87,344.4118225149784,3.6166666666666667,6.083716475095785,39.18333333333333,105.59770114942529
"Bruxelles, Bruxelles-Capitale, Belgique","Le Mans, Pays-de-la-Loire, France",87,433.8287837613475,3.35,9.027777777777777,35.68333333333333,86.17816091954023
"Paris, Île-de-France, France","Montpellier, Occitanie, France",87,595.3025688348713,7.166666666666667,11.192528735632184,32.916666666666664,48.3448275862069
"Aix-en-provence, Provence-Alpes-Côte d'Azur, France","Paris, Île-de-France, France",86,637.9972358632174,4.05,11.001937984496124,29.083333333333332,57.58720930232558
"Troyes, Grand-Est, France","Strasbourg, Grand-Est, France",86,270.8106101441878,4.0,14.08701550387597,38.6,46.46976744186047
"Liège, Wallonie, Belgique","Paris, Île-de-France, France",85,305.19643706030035,3.216666666666667,7.593921568627451,27.866666666666667,67.45647058823529
"Saint-Étienne, Auvergne-Rhône-Alpes, France","Lille, Hauts-de-France, France",83,586.1288755517564,4.1,11.12871485943775,47.583333333333336,89.63614457831325
"Paris, Île-de-France, France","Thiers, Auvergne-Rhône-Alpes, France",81,345.6441423212248,4.0,9.16934156378601,30.833333333333332,42.36543209876543
"Paris, Île-de-France, France","London, England, United Kingdom",81,344.4118225149784,3.9833333333333334,9.428600823045269,35.53333333333333,68.48765432098766
"Dijon, Bourgogne-Franche-Comté, France","Nice, Provence-Alpes-Côte d'Azur, France",80,440.95787687729165,6.166666666666667,13.788749999999999,34.0,65.255
"Nantes, Pays-de-la-Loire, France","Chessy, Île-de-France, France",79,366.61978586803764,3.5,4.139240506329114,8.0,29.417721518987342
"Paris, Île-de-France, France","Chambéry, Auvergne-Rhône-Alpes, France",78,453.1049479059582,3.45,7.1241452991453,14.333333333333334,45.406410256410254
"Paris, Île-de-France, France","Toulon, Provence-Alpes-Côte d'Azur, France",78,693.3130593245695,7.5,8.893162393162394,14.833333333333334,60.36538461538461
"Paris Aéroport Orly, Île-de-France, France","Lille, Hauts-de-France, France",77,216.170126845252,2.0,2.8051948051948052,14.333333333333334,17.558441558441558
"Biganos, Nouvelle-Aquitaine, France","Paris, Île-de-France, France",76,531.9606981152314,2.6166666666666667,6.332894736842105,29.983333333333334,67.28289473684211
"Paris, Île-de-France, France","Metz, Grand-Est, France",75,281.0847431126966,2.8833333333333333,7.175111111111111,27.416666666666668,30.424000000000003
"Paris, Île-de-France, France","Rotterdam, Zuid-Holland, Nederland",75,373.3826596385304,4.0,7.573333333333333,10.833333333333334,35.245333333333335
"Paris, Île-de-France, France","Bruges Gironde, Nouvelle-Aquitaine, France",74,494.563896889116,2.5166666666666666,5.995945945945945,9.766666666666667,53.894594594594594
"Lille, Hauts-de-France, France","Bruxelles, Bruxelles-Capitale, Belgique",73,91.03913850708265,1.1666666666666667,2.8881278538812785,30.75,9.876712328767123
"Liège, Wallonie, Belgique","Berlin, Berlin, Deutschland",72,579.6907844059934,6.0,7.136574074074074,10.333333333333334,34.22222222222222
"Puteaux, Île-de-France, France","Bordeaux, Nouvelle-Aquitaine, France",72,498.4519874783578,5.5,7.421296296296297,35.333333333333336,42.048611111111114
"Lyon, Auvergne-Rhône-Alpes, France","Cannes, Provence-Alpes-Côte d'Azur, France",72,300.6970057266231,4.0,8.436342592592592,28.083333333333332,31.730555555555554
"Orléans, Centre-Val de Loire, France","Tours, Centre-Val de Loire, France",71,107.35513346544172,1.1666666666666667,2.212676056338028,29.166666666666668,10.049295774647888
"Limoges, Nouvelle-Aquitaine, France","Toulouse, Occitanie, France",71,247.59610724907375,2.8333333333333335,4.944835680751173,33.5,21.79718309859155
"Paris, Île-de-France, France","Annecy, Auvergne-Rhône-Alpes, France",71,433.9227839766893,3.6666666666666665,8.894600938967136,32.666666666666664,54.864788732394366
"Tarbes, Occitanie, France","Toulouse, Occitanie, France",70,118.7164280294389,1.5,2.1954761904761906,25.5,11.977142857142857
"Lyon, Auvergne-Rhône-Alpes, France","Biarritz, Nouvelle-Aquitaine, France",70,565.819761412312,6.5,10.87452380952381,34.766666666666666,80.32
"Narbonne, Occitanie, France","Toulouse, Occitanie, France",68,133.94691721184668,1.3333333333333333,2.329656862745098,25.416666666666668,11.804411764705883
"Mulhouse, Grand-Est, France","Lyon, Auvergne-Rhône-Alpes, France",68,291.2153144478111,2.9,5.056862745098039,14.75,38.182352941176475
"Bordeaux, Nouvelle-Aquitaine, France","Paris Aéroport Orly, Île-de-France, France",67,490.0987318970251,5.333333333333333,6.2288557213930345,10.0,44.276119402985074
"Nantes, Pays-de-la-Loire, France","Marseille, Provence-Alpes-Côte d'Azur, France",67,695.1545755796569,7.166666666666667,18.958955223880597,38.65,73.20746268656715
"Paris, Île-de-France, France","Roma, Lazio, Italia",67,1104.631469368295,21.25,25.529850746268657,46.75,83.47462686567164
"Paris, Île-de-France, France","Maromme, Normandie, France",65,117.9019971096606,1.3333333333333333,1.9812820512820513,8.683333333333334,12.49076923076923
"Nantes, Pays-de-la-Loire, France","Bordeaux, Nouvelle-Aquitaine, France",65,278.3243620464878,3.3333333333333335,4.176923076923077,20.583333333333332,25.964615384615385
"Toulon, Provence-Alpes-Côte d'Azur, France","Lyon, Auvergne-Rhône-Alpes, France",65,305.7476282928704,2.45,4.869743589743591,11.583333333333334,37.776923076923076
"Vierzon, Centre-Val de Loire, France","Paris, Île-de-France, France",63,182.10827966987816,2.0,5.1153439153439155,26.466666666666665,23.377777777777776
"Quimper, Bretagne, France","Béziers, Occitanie, France",63,768.230694459308,8.916666666666666,19.82936507936508,39.983333333333334,118.9857142857143
"Paris, Île-de-France, France","Sallanches, Auvergne-Rhône-Alpes, France",62,456.84116501096713,5.0,9.52016129032258,19.5,39.222580645161294
"Paris, Île-de-France, France","Tourcoing, Hauts-de-France, France",61,216.6856661509697,1.4833333333333334,2.718579234972678,14.333333333333334,26.67049180327869
"Cannes, Provence-Alpes-Côte d'Azur, France","Marseille, Provence-Alpes-Côte d'Azur, France",60,135.62394216850592,1.8333333333333333,4.206388888888889,24.95,24.591666666666665
"Bordeaux, Nouvelle-Aquitaine, France","Montpellier, Occitanie, France",59,383.12177085798396,4.666666666666667,7.828531073446327,28.5,39.70169491525424
"Bordeaux, Nouvelle-Aquitaine, France","Caen, Normandie, France",59,483.20941909170364,4.916666666666667,9.48728813559322,27.083333333333332,48.706779661016945
"Lourdes, Occitanie, France","Paris, Île-de-France, France",59,665.23539809402,5.35,10.393785310734463,36.083333333333336,92.15254237288136
"Saint-Étienne, Auvergne-Rhône-Alpes, France","Grenoble, Auvergne-Rhône-Alpes, France",58,107.12801730444198,1.6666666666666667,4.164942528735632,18.55,23.53965517241379
"Ventimiglia, Liguria, Italia","Toulon, Provence-Alpes-Côte d'Azur, France",58,154.16745847955224,2.3333333333333335,5.149137931034482,27.033333333333335,30.91896551724138
"Lille, Hauts-de-France, France","Annecy, Auvergne-Rhône-Alpes, France",58,573.2765565938189,5.783333333333333,10.026149425287356,26.916666666666668,84.43103448275862
"Toulon, Provence-Alpes-Côte d'Azur, France","Strasbourg, Grand-Est, France",58,621.8161757919756,6.866666666666666,12.206034482758621,33.166666666666664,92.27413793103447
"La Rochelle, Nouvelle-Aquitaine, France","Bordeaux, Nouvelle-Aquitaine, France",57,153.3330174029906,1.6666666666666667,3.546783625730994,24.0,14.475438596491228
"Lyon, Auvergne-Rhône-Alpes, France","Caen, Normandie, France",57,543.6036607608968,4.95,12.331871345029239,28.25,46.00350877192982
"Bordeaux, Nouvelle-Aquitaine, France","Lille, Hauts-de-France, France",57,700.6426795424775,8.166666666666666,13.001461988304094,16.916666666666668,37.992982456140346
"Grenoble, Auvergne-Rhône-Alpes, France","Brive-la-Gaillarde, Nouvelle-Aquitaine, France",57,332.54329836104,4.833333333333333,13.496491228070175,41.75,133.71578947368423
"Paris, Île-de-France, France","Manchester, England, United Kingdom",57,606.2964354858699,9.833333333333334,14.59795321637427,37.25,61.83719298245614
"Strasbourg, Grand-Est, France","Metz, Grand-Est, France",56,129.51059141258727,1.6666666666666667,3.2526785714285715,19.983333333333334,18.56964285714286
"Dijon, Bourgogne-Franche-Comté, France","Paris, Île-de-France, France",56,261.1219358368659,2.6166666666666667,4.123511904761904,14.5,25.62142857142857
"Paris, Île-de-France, France","Anvers, Vlaanderen, Belgique",56,301.20655207805555,3.1666666666666665,7.976190476190476,29.333333333333332,24.46607142857143
"Clermont-Ferrand, Auvergne-Rhône-Alpes, France","Marseille, Provence-Alpes-Côte d'Azur, France",55,329.46851618461505,4.833333333333333,6.696666666666666,17.5,43.839999999999996
"Paris, Île-de-France, France","Arles, Provence-Alpes-Côte d'Azur, France",55,600.1788756133735,3.683333333333333,10.675151515151516,33.416666666666664,58.841818181818184
"Clermont-Ferrand, Auvergne-Rhône-Alpes, France","Bordeaux, Nouvelle-Aquitaine, France",54,304.3137373771206,2.1666666666666665,4.358333333333333,11.333333333333334,29.52037037037037
"Paris, Île-de-France, France","Châteauroux, Centre-Val de Loire, France",54,231.81605193273077,2.3333333333333335,5.173456790123457,19.6,21.34259259259259
"Lille, Hauts-de-France, France","Saint-Étienne, Auvergne-Rhône-Alpes, France",54,586.1288755517564,4.116666666666666,10.43611111111111,32.583333333333336,83.55555555555556
"Angers, Pays-de-la-Loire, France","Paris, Île-de-France, France",53,264.4324411071109,2.6666666666666665,4.528301886792453,14.583333333333334,22.30377358490566
"Paris, Île-de-France, France","Voiron, Auvergne-Rhône-Alpes, France",53,458.45339043676324,3.15,6.640566037735849,19.133333333333333,59.26792452830188
"Montpellier, Occitanie, France","Millau, Occitanie, France",52,87.09532339339576,1.1666666666666667,1.7022435897435897,6.083333333333333,10.24423076923077
"Montpellier, Occitanie, France","Valence, Auvergne-Rhône-Alpes, France",52,166.2493537714791,1.8333333333333333,2.8108974358974357,18.416666666666668,15.326923076923077
"Tours, Centre-Val de Loire, France","Nantes, Pays-de-la-Loire, France",52,168.2483185817014,2.0,2.891987179487179,6.333333333333333,17.703846153846154
"Grenoble, Auvergne-Rhône-Alpes, France","Mulhouse, Grand-Est, France",52,309.75641963955735,4.516666666666667,7.31698717948718,11.0,56.73076923076923
"Toulouse, Occitanie, France","Montpellier, Occitanie, France",51,198.5462994926857,2.3333333333333335,2.7222222222222223,3.8333333333333335,18.15686274509804
"Nancy, Grand-Est, France","Paris, Île-de-France, France",51,278.9270725768499,3.5,6.056862745098039,30.416666666666668,22.89607843137255
"Antwerpen, Vlaanderen, Belgique","Paris Aéroport Orly, Île-de-France, France",50,310.2698341624331,3.1666666666666665,3.786666666666667,5.333333333333333,24.5
"Paris, Île-de-France, France","Saint-Nazaire, Pays de la Loire, France",50,380.86586552780204,2.9,4.637,10.333333333333334,58.948
"Paris, Île-de-France, France","Bourges, Centre-Val de Loire, France",50,196.4776822075077,2.0,6.019666666666667,26.666666666666668,26.124000000000002
"Marseille, Provence-Alpes-Côte d'Azur, France","Toulouse, Occitanie, France",50,318.144122905946,3.8333333333333335,6.388333333333334,24.916666666666668,27.844
"Cannes, Provence-Alpes-Côte d'Azur, France","Montpellier, Occitanie, France",50,249.38577389185278,2.8333333333333335,8.451,32.06666666666667,35.078
"Toulon, Provence-Alpes-Côte d'Azur, France","Paris, Île-de-France, France",50,693.3130593245695,7.166666666666667,8.866666666666667,17.333333333333332,59.96
"Paris, Île-de-France, France","Biarritz, Nouvelle-Aquitaine, France",50,668.0111622606313,4.683333333333334,11.734000000000002,34.916666666666664,68.332
"Amiens, Hauts-de-France, France","Lille, Hauts-de-France, France",49,99.35269254531319,1.1666666666666667,2.6268707482993197,18.683333333333334,16.648979591836735
"Bruxelles, Bruxelles-Capitale, Belgique","Tourcoing, Hauts-de-France, France",49,83.20429724348844,1.0666666666666667,6.708843537414967,22.75,29.09591836734694
"Bruxelles, Bruxelles-Capitale, Belgique","Toulouse, Occitanie, France",49,831.7831849193796,7.666666666666667,15.652040816326531,39.25,74.51020408163265
"Pau, Nouvelle-Aquitaine, France","Bayonne, Nouvelle-Aquitaine, France",48,91.9854053648709,1.0,1.6711805555555557,3.933333333333333,11.69375
"Paris, Île-de-France, France","Le Havre, Normandie, France",48,178.29822556537164,1.8333333333333333,4.113888888888889,19.166666666666668,16.508333333333333
"Toulouse, Occitanie, France","Limoges, Nouvelle-Aquitaine, France",48,247.59610724907375,2.8333333333333335,4.121527777777778,15.166666666666666,21.260416666666668
"Valence, Auvergne-Rhône-Alpes, France","Lille, Hauts-de-France, France",48,649.4014389783136,3.8333333333333335,8.149305555555555,32.666666666666664,81.6875
"Pauillac, Nouvelle-Aquitaine, France","Massy, Île-de-France, France",47,454.54477672018265,4.183333333333334,6.9244680851063825,19.083333333333332,49.787234042553195
"Rouen, Normandie, France","Strasbourg, Grand-Est, France",47,494.6988783268095,4.1,7.665957446808511,20.016666666666666,78.96382978723405
"Paris, Île-de-France, France","Cannes, Provence-Alpes-Côte d'Azur, France",47,689.6761812160703,6.15,16.29468085106383,33.083333333333336,79.31702127659575
"Paris, Île-de-France, France","Berlin, Berlin, Deutschland",47,877.977203502708,11.666666666666666,22.572695035460995,52.583333333333336,55.240425531914894
"Paris, Île-de-France, France","Poitiers, Nouvelle-Aquitaine, France",46,293.58206408710305,3.1666666666666665,4.731884057971015,17.083333333333332,25.06086956521739
"Paris, Île-de-France, France","Genève, Genève, Schweiz",46,408.9163145238651,4.5,6.291666666666667,11.25,46.77608695652174
"Le Mans, Pays-de-la-Loire, France","Arras, Hauts-de-France, France",46,315.7240902156092,2.783333333333333,7.302898550724637,27.333333333333332,48.86086956521739
"Clermont-Ferrand, Auvergne-Rhône-Alpes, France","Aix-en-provence, Provence-Alpes-Côte d'Azur, France",46,312.0563252133996,4.066666666666666,9.022463768115943,22.85,60.36739130434783
"Paris, Île-de-France, France","Niort, Nouvelle-Aquitaine, France",46,353.6403971186453,2.5166666666666666,10.107971014492755,28.916666666666668,44.391304347826086
"Paris, Île-de-France, France","Montauban, Occitanie, France",46,546.7686847714975,6.166666666666667,10.996739130434783,30.45,47.01521739130435
"Châteauroux, Centre-Val de Loire, France","Paris, Île-de-France, France",45,231.81605193273077,2.5,4.891481481481482,22.666666666666668,30.479999999999997
"Paris, Île-de-France, France","Albias, Occitanie, France",45,533.5216069511456,6.166666666666667,7.348148148148149,14.166666666666666,47.922222222222224
"Bruxelles, Bruxelles-Capitale, Belgique","Lyon, Auvergne-Rhône-Alpes, France",45,565.0878821933926,3.5833333333333335,8.685925925925925,32.666666666666664,97.82
"Strasbourg, Grand-Est, France","Rouen, Normandie, France",45,494.6988783268095,4.15,10.76962962962963,31.583333333333332,63.01333333333333
"Cannes, Provence-Alpes-Côte d'Azur, France","Aix-en-provence, Provence-Alpes-Côte d'Azur, France",44,126.43750769128725,1.5,4.28219696969697,22.466666666666665,26.61590909090909
"Lille, Hauts-de-France, France","Marseille, Provence-Alpes-Côte d'Azur, France",44,834.6495561903025,5.233333333333333,13.51969696969697,38.25,67.72727272727273
"Chambéry, Auvergne-Rhône-Alpes, France","Paris, Île-de-France, France",43,453.1049479059582,3.466666666666667,6.602325581395348,13.833333333333334,56.579069767441865
"Bordeaux, Nouvelle-Aquitaine, France","Massy, Île-de-France, France",43,484.54858000021574,3.1666666666666665,8.027906976744186,27.45,62.72093023255814
"Vannes, Bretagne, France","Nantes, Pays-de-la-Loire, France",42,103.50178059596973,1.1666666666666667,2.5452380952380955,11.25,17.8
"Lille, Hauts-de-France, France","Massy, Île-de-France, France",42,219.85089837814817,2.3666666666666667,2.8833333333333333,5.533333333333333,27.654761904761905
"Toulouse, Occitanie, France","Biarritz, Nouvelle-Aquitaine, France",42,243.07315846375178,2.6666666666666665,3.8496031746031747,9.5,24.264285714285716
"Avignon, Provence-Alpes-Côte d'Azur, France","Lille, Hauts-de-France, France",42,754.7465631872914,5.55,8.723015873015873,16.5,107.93095238095236
"Mulhouse, Grand-Est, France","Paris, Île-de-France, France",42,388.9553420135307,4.666666666666667,9.670634920634921,49.083333333333336,36.44761904761905
"Cros-de-Cagnes, Provence-Alpes-Côte d'Azur, France","Marseille, Provence-Alpes-Côte d'Azur, France",41,150.5597125884106,1.6666666666666667,2.7329268292682927,3.8,24.829268292682926
"Paris, Île-de-France, France","Laval, Pays-de-la-Loire, France",41,244.83176437961015,1.95,3.321951219512195,6.666666666666667,47.41219512195122
"Reims, Grand-Est, France","Compiègne, Hauts-de-France, France",41,87.93625389319439,1.5,4.65,18.883333333333333,36.16341463414634
"Paris, Île-de-France, France","Châtellerault, Nouvelle-Aquitaine, France",41,261.8485533657659,2.1166666666666667,4.782520325203253,19.733333333333334,43.0609756097561
"Paris, Île-de-France, France","Abbeville, Hauts-de-France, France",41,144.59237557300284,1.75,5.0475609756097555,23.2,23.031707317073174
"Strasbourg, Grand-Est, France","Paris Aéroport Orly, Île-de-France, France",41,393.9919433824286,4.833333333333333,5.414634146341464,9.333333333333334,34.5609756097561
"Strasbourg, Grand-Est, France","Bruxelles, Bruxelles-Capitale, Belgique",41,351.6936399580464,4.166666666666667,8.770325203252032,27.416666666666668,34.24878048780488
"Bruxelles, Bruxelles-Capitale, Belgique","Barcelona, Cataluña, España",41,1063.762115204933,15.333333333333334,23.573170731707318,38.666666666666664,73.99512195121952
"Lyon, Auvergne-Rhône-Alpes, France","Belleville-sur-Saône, Auvergne-Rhône-Alpes, France",40,39.55881984525889,0.8166666666666667,0.9808333333333333,1.2166666666666666,9.065
"Paris Aéroport Orly, Île-de-France, France","Angers, Pays-de-la-Loire, France",40,260.8993170221118,2.6666666666666665,4.529166666666667,28.75,21.5975
"Calais, Hauts-de-France, France","Paris, Île-de-France, France",40,236.96386523449883,2.8333333333333335,5.839166666666666,24.166666666666668,36.225
"Paris, Île-de-France, France","Nîmes, Occitanie, France",40,578.0637044783044,6.333333333333333,10.522916666666667,44.75,54.3925
"Lille, Hauts-de-France, France","Perpignan, Occitanie, France",40,883.1853525168194,7.216666666666667,13.38125,35.7,96.6075
"Saint-Priest, Auvergne-Rhône-Alpes, France","Dijon, Bourgogne-Franche-Comté, France",39,182.2167021679775,1.8333333333333333,2.4700854700854697,3.8333333333333335,15.166666666666666
"Bruxelles, Bruxelles-Capitale, Belgique","Compiègne, Hauts-de-France, France",39,190.40288093425085,2.25,3.5940170940170937,8.683333333333334,89.00769230769231
"Amsterdam, Noord-Holland, Nederland","Lille, Hauts-de-France, France",39,229.5812919561414,2.8333333333333335,6.224786324786325,26.783333333333335,72.55128205128206
"Bourges, Centre-Val de Loire, France","Lyon, Auvergne-Rhône-Alpes, France",39,237.3294027680368,3.3333333333333335,9.36794871794872,31.0,30.95128205128205
"Paris, Île-de-France, France","Aix-en-provence, Provence-Alpes-Côte d'Azur, France",39,637.9972358632174,3.566666666666667,12.292307692307691,30.083333333333332,68.2897435897436
"Brest, Bretagne, France","Vannes, Bretagne, France",38,152.47284259567706,1.8333333333333333,3.0938596491228068,6.0,23.18421052631579
"Nîmes, Occitanie, France","Aix-en-provence, Provence-Alpes-Côte d'Azur, France",38,93.96113066463724,1.0,3.1355263157894737,15.75,16.492105263157896
"Toulouse, Occitanie, France","Nîmes, Occitanie, France",38,234.96819228387636,2.8333333333333335,3.6184210526315788,7.583333333333333,21.36315789473684
"Tours, Centre-Val de Loire, France","Bruxelles, Bruxelles-Capitale, Belgique",38,465.84436220521366,3.4,5.636842105263158,9.833333333333334,89.26052631578948
"Bordeaux, Nouvelle-Aquitaine, France","Rennes, Bretagne, France",38,370.94543992644265,4.5,5.806578947368421,9.166666666666666,32.91842105263158
"Boulogne-sur-Mer, Hauts-de-France, France","Arras, Hauts-de-France, France",38,95.44108131485461,1.5,5.926754385964912,26.166666666666668,29.89210526315789
"Paris, Île-de-France, France","Bayonne, Nouvelle-Aquitaine, France",38,664.1492978462559,4.45,9.751754385964912,18.916666666666668,69.9421052631579
"Paris, Île-de-France, France","Mulhouse, Grand-Est, France",38,388.9553420135307,2.816666666666667,9.906140350877193,48.45,73.52105263157895
"Paris, Île-de-France, France","Troyes, Grand-Est, France",37,140.98274917010326,1.6666666666666667,2.2567567567567566,3.5,12.64864864864865
"Montpellier, Occitanie, France","Lyon, Auvergne-Rhône-Alpes, France",37,250.84351484803034,1.9833333333333334,5.352252252252252,20.6,41.68648648648649
"Limoges, Nouvelle-Aquitaine, France","Valenciennes, Hauts-de-France, France",37,525.6589145292622,5.833333333333333,10.317567567567568,24.533333333333335,64.37297297297297
"Bayonne, Nouvelle-Aquitaine, France","Paris, Île-de-France, France",37,664.1492978462559,4.333333333333333,10.436936936936938,33.333333333333336,97.17027027027028
"Paris, Île-de-France, France","Tarbes, Occitanie, France",37,648.731252973551,7.333333333333333,16.295045045045043,36.833333333333336,48.71351351351351
"Rennes, Bretagne, France","Brest, Bretagne, France",36,211.09756996013104,2.5,2.9166666666666665,4.666666666666667,16.23611111111111
"Lyon, Auvergne-Rhône-Alpes, France","Nice, Provence-Alpes-Côte d'Azur, France",36,299.46471681503795,4.333333333333333,8.578703703703702,27.75,31.84444444444445
"Grenoble, Auvergne-Rhône-Alpes, France","Angers, Pays-de-la-Loire, France",36,545.5437464160733,5.066666666666666,14.906018518518518,37.416666666666664,67.61111111111111
"Saint-Etienne-du-Rouvray, Normandie, France","Paris, Île-de-France, France",35,107.9423433451376,1.1666666666666667,1.9595238095238094,2.6666666666666665,12.59142857142857
"Chalon-sur-Saône, Bourgogne-Franche-Comté, France","Lyon, Auvergne-Rhône-Alpes, France",35,113.27443780128209,1.3333333333333333,3.7642857142857142,22.25,18.63142857142857
"Metz, Grand-Est, France","Bruxelles, Bruxelles-Capitale, Belgique",35,232.96729016847652,2.6666666666666665,6.442857142857143,22.25,24.47714285714286
"Grenoble, Auvergne-Rhône-Alpes, France","Torino, Piemonte, Italia",35,154.49934153716526,3.0,8.78095238095238,23.416666666666668,31.04857142857143
"Saint-Nazaire, Pays de la Loire, France","Paris, Île-de-France, France",35,380.86586552780204,3.033333333333333,9.302380952380952,35.4,57.92857142857143
"Lille, Hauts-de-France, France","Le Touquet-Paris-Plage, Hauts-de-France, France",35,106.18604025504862,1.8333333333333333,9.304761904761905,33.416666666666664,20.16
"Cannes, Provence-Alpes-Côte d'Azur, France","Paris, Île-de-France, France",35,689.6761812160703,5.866666666666666,11.755714285714285,31.75,69.94857142857143
"Orléans, Centre-Val de Loire, France","Lyon, Auvergne-Rhône-Alpes, France",35,326.19693953865766,4.666666666666667,14.857142857142858,33.5,34.917142857142856
"Grenoble, Auvergne-Rhône-Alpes, France","Rennes, Bretagne, France",35,649.2297442234775,5.933333333333334,15.192380952380953,33.916666666666664,100.31714285714285
"Bordeaux, Nouvelle-Aquitaine, France","Périgueux, Nouvelle-Aquitaine, France",34,105.8152735392571,1.3333333333333333,1.715686274509804,3.1666666666666665,10.220588235294118
"Avignon, Provence-Alpes-Côte d'Azur, France","Grenoble, Auvergne-Rhône-Alpes, France",34,155.5822869387621,2.0,4.168627450980392,26.666666666666668,22.735294117647058
"Toulouse, Occitanie, France","Quimper, Bretagne, France",34,649.3996639672843,7.833333333333333,16.893137254901962,35.93333333333333,65.1970588235294
"Rennes, Bretagne, France","Rouen, Normandie, France",33,252.85949528252263,2.8333333333333335,4.763131313131313,20.416666666666668,29.315151515151513
"Rotterdam, Zuid-Holland, Nederland","Paris, Île-de-France, France",33,373.3826596385304,4.166666666666667,7.053030303030303,16.833333333333332,37.43333333333333
"Birmingham, England, United Kingdom","Paris, Île-de-France, France",33,505.4279580241686,12.25,13.684343434343434,15.0,41.373636363636365
"Reims, Grand-Est, France","Paris, Île-de-France, France",32,126.49071584514381,1.3333333333333333,2.4208333333333334,5.083333333333333,22.31875
"Venezia, Veneto, Italia","Milano, Lombardia, Italia",32,244.11580174765984,2.0,3.28125,8.666666666666666,16.696875
"Bruxelles, Bruxelles-Capitale, Belgique","Amsterdam, Noord-Holland, Nederland",32,176.29204326473095,2.7,3.6416666666666666,6.75,53.134375000000006
"Grenoble, Auvergne-Rhône-Alpes, France","Saint-Étienne, Auvergne-Rhône-Alpes, France",32,107.12801730444198,1.6666666666666667,5.194791666666666,20.516666666666666,23.309375
"Marseille, Provence-Alpes-Côte d'Azur, France","Nice, Provence-Alpes-Côte d'Azur, France",32,154.10005905792784,2.0,5.8984375,19.083333333333332,13.903125
"Bourges, Centre-Val de Loire, France","Paris, Île-de-France, France",32,196.4776822075077,2.033333333333333,6.215625,26.2,33.03125
"Lille, Hauts-de-France, France","Amsterdam, Noord-Holland, Nederland",32,229.5812919561414,2.6666666666666665,6.505208333333333,33.5,23.86875
"Nîmes, Occitanie, France","Paris, Île-de-France, France",32,578.0637044783044,3.7333333333333334,6.832291666666666,15.233333333333333,82.75625
"Montpellier, Occitanie, France","Paris, Île-de-France, France",32,595.3025688348713,3.783333333333333,8.754166666666666,35.166666666666664,74.928125
"Toulouse, Occitanie, France","Angoulême, Nouvelle-Aquitaine, France",32,248.19931022797132,3.1666666666666665,9.5921875,35.833333333333336,27.2
"Bruxelles, Bruxelles-Capitale, Belgique","London, England, United Kingdom",32,319.77840259476716,1.6666666666666667,10.668229166666666,35.56666666666667,54.86875
"Marseille, Provence-Alpes-Côte d'Azur, France","Metz, Grand-Est, France",32,649.5183685965818,7.0,10.763020833333334,33.916666666666664,49.23125
"Nancy, Grand-Est, France","Nantes, Pays-de-la-Loire, France",32,591.5380008999556,4.65,11.649479166666667,28.916666666666668,94.40625
"Paris, Île-de-France, France","Cahors, Occitanie, France",31,494.04265231248223,5.666666666666667,7.127956989247312,10.666666666666666,52.7
"Reims, Grand-Est, France","Le Mans, Pays-de-la-Loire, France",31,309.64014792642786,3.183333333333333,7.411290322580645,32.2,45.012903225806454
"Chalon-sur-Saône, Bourgogne-Franche-Comté, France","Paris, Île-de-France, France",31,295.5869152737509,2.8333333333333335,7.706451612903226,17.583333333333332,28.68064516129032
"Colmar, Grand-Est, France","Rouen, Normandie, France",31,482.9930392182962,4.8,10.36989247311828,42.56666666666667,98.82903225806452
"Aix-en-provence, Provence-Alpes-Côte d'Azur, France","Lille, Hauts-de-France, France",31,811.1690171720879,4.516666666666667,12.406989247311829,38.833333333333336,89.9
"Lyon, Auvergne-Rhône-Alpes, France","Nantes, Pays-de-la-Loire, France",31,513.5543902788876,6.5,13.108602150537635,34.5,50.809677419354834
"Paris, Île-de-France, France","Vannes, Bretagne, France",31,400.04916523878927,4.666666666666667,13.5994623655914,38.833333333333336,21.074193548387097
"Périgueux, Nouvelle-Aquitaine, France","Dijon, Bourgogne-Franche-Comté, France",31,411.8352331923576,7.95,18.857526881720432,38.86666666666667,72.85806451612903
"Paris, Île-de-France, France","Courtrai, Vlaanderen, Belgique",30,229.33735238371054,1.8833333333333333,2.5355555555555553,9.416666666666666,34.166666666666664
"Poitiers, Nouvelle-Aquitaine, France","Paris, Île-de-France, France",30,293.58206408710305,3.1666666666666665,3.844444444444444,5.5,26.333333333333332
"Paris, Île-de-France, France","Le Touquet-Paris-Plage, Hauts-de-France, France",30,194.79044074504932,2.3333333333333335,6.327777777777778,32.0,17.816666666666666
"Paris, Île-de-France, France","Bourg-Saint-Maurice, Auvergne-Rhône-Alpes, France",30,489.92307813190035,5.616666666666666,6.7555555555555555,8.166666666666666,55.97666666666667
"Bordeaux, Nouvelle-Aquitaine, France","Le Havre, Normandie, France",30,520.8085123851101,5.366666666666666,8.82,16.016666666666666,75.33666666666666
"Lyon, Auvergne-Rhône-Alpes, France","Montpellier, Occitanie, France",30,250.84351484803034,3.0,9.06388888888889,42.333333333333336,23.476666666666667
"Annecy, Auvergne-Rhône-Alpes, France","Lille, Hauts-de-France, France",30,573.2765565938189,6.233333333333333,11.278333333333332,35.916666666666664,67.5
"Grenoble, Auvergne-Rhône-Alpes, France","Cannes, Provence-Alpes-Côte d'Azur, France",30,209.29169311299395,4.666666666666667,11.595555555555556,27.916666666666668,47.07666666666667
"Paris, Île-de-France, France","Arras, Hauts-de-France, France",29,163.39030532612816,1.3666666666666667,2.6166666666666663,4.416666666666667,27.544827586206896
"Alès, Occitanie, France","Marseille, Provence-Alpes-Côte d'Azur, France",29,138.5866640499044,1.8333333333333333,2.863218390804598,6.266666666666667,26.98965517241379
"Tours, Centre-Val de Loire, France","Orléans, Centre-Val de Loire, France",29,107.35513346544172,1.1666666666666667,2.9477011494252876,22.916666666666668,11.641379310344828
"Dijon, Bourgogne-Franche-Comté, France","Paris Aéroport Orly, Île-de-France, France",29,251.55601901502123,3.0,3.367816091954023,4.333333333333333,23.344827586206897
"Paris, Île-de-France, France","Charleroi, Wallonie, Belgique",29,229.26068229164912,2.3333333333333335,3.403448275862069,10.45,38.682758620689654
"Troyes, Grand-Est, France","Paris, Île-de-France, France",29,140.98274917010326,1.8333333333333333,4.040229885057472,23.666666666666668,14.46896551724138
"Lyon, Auvergne-Rhône-Alpes, France","Toulouse, Occitanie, France",29,358.7347931623509,5.166666666666667,6.040229885057471,11.666666666666666,38.45862068965517
"Amiens, Hauts-de-France, France","Bordeaux, Nouvelle-Aquitaine, France",29,602.8123036860038,4.3,9.489080459770115,25.333333333333332,73.94827586206897
"Genève, Genève, Schweiz","Nantes, Pays-de-la-Loire, France",29,595.5121558305168,7.0,10.081034482758621,31.55,69.20689655172414
"Rouen, Normandie, France","Colmar, Grand-Est, France",29,482.9930392182962,4.983333333333333,10.741379310344827,22.583333333333332,85.9448275862069
"Arles, Provence-Alpes-Côte d'Azur, France","Metz, Grand-Est, France",29,614.9605610555434,6.333333333333333,14.38390804597701,32.666666666666664,93.60344827586206
"Ouistreham, Normandie, France","Paris, Île-de-France, France",28,195.65791360379777,2.5,3.017857142857143,5.5,18.357142857142858
"Lille, Hauts-de-France, France","Soissons, Hauts-de-France, France",28,142.3881285827113,2.3666666666666667,3.3660714285714284,7.933333333333334,47.971428571428575
"Saint-Malo, Bretagne, France","Paris, Île-de-France, France",28,321.38676904421374,2.5166666666666666,3.699404761904762,6.366666666666666,52.42857142857143
"Paris, Île-de-France, France","Angoulême, Nouvelle-Aquitaine, France",28,394.76815250581024,2.3,5.120833333333333,11.833333333333334,47.857142857142854
"Strasbourg, Grand-Est, France","Lyon, Auvergne-Rhône-Alpes, France",28,382.45523239590545,3.8333333333333335,5.188095238095238,8.333333333333334,50.31428571428571
"Toulon, Provence-Alpes-Côte d'Azur, France","Auch, Occitanie, France",28,434.8366654907279,4.333333333333333,5.613095238095238,8.166666666666666,37.75
"Brive-la-Gaillarde, Nouvelle-Aquitaine, France","Paris, Île-de-France, France",28,416.870156017457,4.833333333333333,6.316071428571428,12.416666666666666,35.25714285714286
"Nevers, Bourgogne-Franche-Comté, France","Paris, Île-de-France, France",28,215.06187743035085,2.5,6.372023809523809,34.46666666666667,24.271428571428572
"Amiens, Hauts-de-France, France","Aix-en-provence, Provence-Alpes-Côte d'Azur, France",28,747.2830946300122,5.266666666666667,9.880357142857141,27.083333333333332,89.82142857142857
"Bordeaux, Nouvelle-Aquitaine, France","Bruxelles, Bruxelles-Capitale, Belgique",28,760.8145816405121,4.716666666666667,11.75297619047619,29.333333333333332,98.51428571428572
"Toulon, Provence-Alpes-Côte d'Azur, France","Besançon, Bourgogne-Franche-Comté, France",28,457.0737325594029,5.6,14.372023809523808,28.15,78.70714285714287
"Bruxelles, Bruxelles-Capitale, Belgique","Saint-Brieuc, Bretagne, France",28,570.4602282278821,5.566666666666666,16.199404761904763,43.85,90.17142857142858
"Annecy, Auvergne-Rhône-Alpes, France","Chamonix, Auvergne-Rhône-Alpes, France",27,57.121486042792625,1.1666666666666667,2.7685185185185186,4.166666666666667,22.05925925925926
"Lyon, Auvergne-Rhône-Alpes, France","Aix-en-provence, Provence-Alpes-Côte d'Azur, France",27,253.7904801372374,1.6833333333333333,3.7635802469135804,13.0,34.214814814814815
"Tours, Centre-Val de Loire, France","Bordeaux, Nouvelle-Aquitaine, France",27,300.106689264411,2.55,3.9098765432098763,6.5,29.451851851851853
"Antibes, Provence-Alpes-Côte d'Azur, France","Lyon, Auvergne-Rhône-Alpes, France",27,302.12872372863393,4.666666666666667,5.098765432098765,5.5,36.05555555555556
"Paris, Île-de-France, France","Trouville-Deauville, Normandie, France",27,174.6944937332901,2.0,5.118518518518518,27.1,18.755555555555556
"Le Havre, Normandie, France","Bordeaux, Nouvelle-Aquitaine, France",27,520.8085123851101,5.416666666666667,8.791975308641975,13.833333333333334,74.87777777777778
"Limoges, Nouvelle-Aquitaine, France","Reims, Grand-Est, France",27,427.75751535674556,5.183333333333334,10.392592592592594,21.083333333333332,46.36666666666667
"Paris, Île-de-France, France","Saumur, Pays-de-la-Loire, France",27,246.6905466587619,2.0833333333333335,11.71111111111111,38.56666666666667,42.7074074074074
"Aix-en-provence, Provence-Alpes-Côte d'Azur, France","La Rochelle, Nouvelle-Aquitaine, France",27,596.0595865282149,8.0,15.540123456790125,42.666666666666664,44.52222222222222
"Carcassonne, Occitanie, France","Toulouse, Occitanie, France",26,85.38848929852928,0.8333333333333334,1.1282051282051282,1.3333333333333333,7.288461538461538
"Bayonne, Nouvelle-Aquitaine, France","Pau, Nouvelle-Aquitaine, France",26,91.9854053648709,1.0,1.939102564102564,13.316666666666666,10.78076923076923
"Nice, Provence-Alpes-Côte d'Azur, France","Aix-en-provence, Provence-Alpes-Côte d'Azur, France",26,143.07738405682042,1.5,1.9743589743589745,2.8333333333333335,13.01923076923077
"Nantes, Pays-de-la-Loire, France","Lorient, Bretagne, France",26,148.88873892739056,1.6666666666666667,4.708333333333334,21.666666666666668,12.242307692307692
"Lyon, Auvergne-Rhône-Alpes, France","Milano, Lombardia, Italia",26,339.9404579374759,4.833333333333333,6.987179487179487,10.0,47.87307692307692
"Vannes, Bretagne, France","Niort, Nouvelle-Aquitaine, France",26,228.81147341912848,2.8333333333333335,8.323717948717949,26.583333333333332,74.24615384615385
"Orléans, Centre-Val de Loire, France","Douai, Hauts-de-France, France",26,286.38378846272195,3.033333333333333,8.76923076923077,25.4,33.06153846153846
"Lille, Hauts-de-France, France","Montauban, Occitanie, France",26,751.8525936484413,6.433333333333334,10.548076923076923,15.75,81.51923076923077
"Lyon, Auvergne-Rhône-Alpes, France","Brive-la-Gaillarde, Nouvelle-Aquitaine, France",26,270.39166866326934,3.6666666666666665,14.144871794871793,31.333333333333332,55.67307692307692
"Paris, Île-de-France, France","Biganos, Nouvelle-Aquitaine, France",25,531.9606981152314,2.716666666666667,4.298,9.683333333333334,80.52
"Charleroi, Wallonie, Belgique","Paris, Île-de-France, France",25,229.26068229164912,2.6666666666666665,4.4239999999999995,13.5,48.38
"Saint-Dizier, Grand-Est, France","Paris, Île-de-France, France",25,191.7084141666189,2.05,4.822,17.166666666666668,28.496
"Avignon, Provence-Alpes-Côte d'Azur, France","Saint-Étienne, Auvergne-Rhône-Alpes, France",25,168.68103754204665,3.0,5.480666666666667,20.833333333333332,34.576
"Lyon, Auvergne-Rhône-Alpes, France","Troyes, Grand-Est, France",25,290.487105416374,3.5,6.1226666666666665,25.333333333333332,32.488
"Arras, Hauts-de-France, France","Massy, Île-de-France, France",25,177.24467447062565,1.8333333333333333,7.007999999999999,25.5,38.732
"Paris, Île-de-France, France","Montluçon, Auvergne-Rhône-Alpes, France",25,280.2698105347869,3.1666666666666665,7.147333333333333,32.88333333333333,36.672000000000004
"Torino, Piemonte, Italia","Grenoble, Auvergne-Rhône-Alpes, France",25,154.49934153716526,3.0,8.263333333333334,22.5,38.5
"Toulouse, Occitanie, France","Grenoble, Auvergne-Rhône-Alpes, France",25,381.8715007453811,4.8,10.035333333333334,23.666666666666668,36.664
"Louvigny, Grand-Est, France","Marseille, Provence-Alpes-Côte d'Azur, France",25,631.43782463182,7.416666666666667,11.175333333333333,37.06666666666667,69.34
"London, England, United Kingdom","Liverpool, England, United Kingdom",25,286.1576888936503,5.5,12.140666666666666,24.166666666666668,26.3988
"Bruxelles, Bruxelles-Capitale, Belgique","Avignon, Provence-Alpes-Côte d'Azur, France",25,766.1177761668799,6.083333333333333,12.306,33.833333333333336,75.388
"Toulouse, Occitanie, France","Amsterdam, Noord-Holland, Nederland",25,1007.5100533007545,10.166666666666666,20.244666666666667,39.916666666666664,87.54
"Rennes, Bretagne, France","Caen, Normandie, France",24,155.3950344354446,1.6666666666666667,1.9305555555555554,3.3333333333333335,13.854166666666666
"Angers, Pays-de-la-Loire, France","Rennes, Bretagne, France",24,106.39139635380042,1.5,2.0034722222222223,6.0,8.791666666666666
"Paris, Île-de-France, France","Deauville, Normandie, France",24,174.63518543675022,2.0,2.513888888888889,4.833333333333333,15.0
"Paris, Île-de-France, France","Châlons-en-Champagne, Grand-Est, France",24,146.38225105835866,2.0,2.872916666666667,5.083333333333333,34.825
"Aix-en-provence, Provence-Alpes-Côte d'Azur, France","Nice, Provence-Alpes-Côte d'Azur, France",24,143.07738405682042,1.6666666666666667,3.860416666666667,11.016666666666667,24.754166666666666
"Avignon, Provence-Alpes-Côte d'Azur, France","Lyon, Auvergne-Rhône-Alpes, France",24,201.45020986903296,1.8333333333333333,4.413194444444445,22.666666666666668,17.166666666666668
"Soissons, Hauts-de-France, France","Rennes, Bretagne, France",24,393.8040249867123,3.9,5.496527777777778,14.033333333333333,78.40416666666665
"Bruxelles, Bruxelles-Capitale, Belgique","Dortmund, Nordrhein-Westfalen, Deutschland",24,231.03601240619895,2.5,6.772222222222222,25.416666666666668,64.77499999999999
"Genève, Genève, Schweiz","Marseille, Provence-Alpes-Côte d'Azur, France",24,329.5635595184894,4.0,7.184027777777778,25.083333333333332,32.329166666666666
"Chartres, Centre-Val de Loire, France","Aurillac, Auvergne-Rhône-Alpes, France",24,398.84443632974916,8.8,9.365277777777777,10.166666666666666,97.875
"Caen, Normandie, France","Clermont-Ferrand, Auvergne-Rhône-Alpes, France",24,458.0022644135043,6.466666666666667,14.862499999999999,46.666666666666664,61.25833333333333
"Montpellier, Occitanie, France","Rennes, Bretagne, France",24,659.3223016333329,7.333333333333333,20.661805555555556,32.75,64.83749999999999
"Nice, Provence-Alpes-Côte d'Azur, France","Marseille, Provence-Alpes-Côte d'Azur, France",23,154.10005905792784,1.8333333333333333,2.4057971014492754,2.8333333333333335,15.826086956521738
"Blois-Chambord, Centre-Val de Loire, France","Paris, Île-de-France, France",23,159.70975837826282,1.5666666666666667,2.8855072463768114,7.616666666666666,35.80434782608695
"Grenoble, Auvergne-Rhône-Alpes, France","Le Grau-du-Roi, Occitanie, France",23,222.6393633256104,3.0,3.405797101449275,4.0,21.23913043478261
"Antibes, Provence-Alpes-Côte d'Azur, France","Marseille, Provence-Alpes-Côte d'Azur, France",23,144.88897458912294,1.8333333333333333,4.720289855072464,14.083333333333334,22.208695652173912
"Marseille, Provence-Alpes-Côte d'Azur, France","Genève, Genève, Schweiz",23,329.5635595184894,3.8333333333333335,4.932608695652174,7.016666666666667,37.547826086956526
"Paris, Île-de-France, France","Issoire, Auvergne-Rhône-Alpes, France",23,372.89993854362314,3.8333333333333335,5.04927536231884,10.166666666666666,42.93913043478261
"Bordeaux, Nouvelle-Aquitaine, France","Niort, Nouvelle-Aquitaine, France",23,164.01530505144697,1.8333333333333333,5.711594202898551,32.166666666666664,16.243478260869566
"Limoges, Nouvelle-Aquitaine, France","Paris, Île-de-France, France",23,344.6730307448569,3.5,7.4913043478260875,26.766666666666666,33.778260869565216
"Perpignan, Occitanie, France","Lyon, Auvergne-Rhône-Alpes, France",23,374.58137077098564,3.6166666666666667,7.666666666666667,26.2,58.61739130434783
"Aix-en-provence, Provence-Alpes-Côte d'Azur, France","Saint-Raphaël, Provence-Alpes-Côte d'Azur, France",23,107.42637268265888,2.3833333333333333,7.718115942028986,34.06666666666667,25.169565217391302
"Paris, Île-de-France, France","Quimper, Bretagne, France",23,484.89251040300485,3.9,11.233333333333334,35.916666666666664,61.460869565217386
"London, England, United Kingdom","Liège, Wallonie, Belgique",23,410.36186893463616,5.333333333333333,13.027536231884058,36.833333333333336,45.583043478260876
"Montpellier, Occitanie, France","Lens, Hauts-de-France, France",23,763.920330640386,5.583333333333333,14.025362318840578,29.916666666666668,82.70869565217392
"Paris, Île-de-France, France","Lillers, Hauts-de-France, France",22,190.79528264820058,1.7666666666666666,3.075757575757576,11.3,22.554545454545455
"Muret, Occitanie, France","Bordeaux, Nouvelle-Aquitaine, France",22,214.71566977457957,2.3333333333333335,3.2492424242424245,11.733333333333333,20.7
"Rezé, Pays-de-la-Loire, France","Morlaix, Bretagne, France",22,231.07337258889103,3.0,4.017424242424242,5.833333333333333,29.731818181818184
"Luxembourg, Canton Luxembourg, Luxembourg","Liège, Wallonie, Belgique",22,120.09843173546311,1.1666666666666667,4.066666666666666,12.333333333333334,20.509090909090908
"Paris, Île-de-France, France","Vitré, Bretagne, France",22,274.7456683701813,2.216666666666667,4.093181818181818,7.5,47.872727272727275
"Gardanne, Provence-Alpes-Côte d'Azur, France","Paris, Île-de-France, France",22,645.5081313707012,4.116666666666666,5.197727272727272,9.333333333333334,80.6590909090909
"Bruxelles, Bruxelles-Capitale, Belgique","Nantes, Pays-de-la-Loire, France",22,583.6684614094576,4.583333333333333,5.582575757575757,7.616666666666666,118.04545454545455
"Guingamp, Bretagne, France","Paris, Île-de-France, France",22,408.9812011629809,2.7666666666666666,5.8984848484848476,27.083333333333332,47.64545454545455
"Montpellier, Occitanie, France","Saint-Étienne, Auvergne-Rhône-Alpes, France",22,207.95431017481528,2.783333333333333,6.365909090909091,26.15,53.83181818181818
"Lyon, Auvergne-Rhône-Alpes, France","Fréjus, Provence-Alpes-Côte d'Azur, France",22,299.4899720672297,3.5833333333333335,7.244696969696969,24.45,53.68636363636363
"Paris, Île-de-France, France","Bruges, Vlaanderen, Belgique",22,269.8907259305259,3.0,8.022727272727273,27.0,19.836363636363636
"Chalon-sur-Saône, Bourgogne-Franche-Comté, France","Annecy, Auvergne-Rhône-Alpes, France",22,139.13120661516572,2.5,8.370454545454546,36.333333333333336,22.599999999999998
"Pau, Nouvelle-Aquitaine, France","Paris, Île-de-France, France",22,651.2601201803012,7.666666666666667,9.238636363636363,18.916666666666668,57.17272727272727
"Lille, Hauts-de-France, France","Angers, Pays-de-la-Loire, France",22,440.1463028190923,5.666666666666667,9.65530303030303,26.083333333333332,31.49090909090909
"Lyon, Auvergne-Rhône-Alpes, France","Bruxelles, Bruxelles-Capitale, Belgique",22,565.0878821933926,6.5,9.815151515151515,27.333333333333332,74.17727272727274
"Valence, Auvergne-Rhône-Alpes, France","Rouen, Normandie, France",22,578.0394865742705,4.316666666666666,9.975757575757576,27.433333333333334,96.2409090909091
"Lille, Hauts-de-France, France","Avignon, Provence-Alpes-Côte d'Azur, France",22,754.7465631872914,5.75,10.766666666666667,15.333333333333334,77.05454545454546
"Lille, Hauts-de-France, France","Toulon, Provence-Alpes-Côte d'Azur, France",22,862.7139932823316,6.2,13.143181818181818,33.016666666666666,130.0681818181818
"Chambéry, Auvergne-Rhône-Alpes, France","Toulouse, Occitanie, France",22,415.09844778536404,6.016666666666667,13.612878787878788,28.05,44.731818181818184
"Bruxelles, Bruxelles-Capitale, Belgique","Montpellier, Occitanie, France",22,804.6062750160434,9.5,17.272727272727273,27.333333333333332,53.54545454545455
"Liège, Wallonie, Belgique","Lisboa, Área Metropolitana de Lisboa, Portugal",22,1754.3053963666089,17.0,39.24242424242424,57.666666666666664,103.32727272727271
"Rodez, Occitanie, France","Toulouse, Occitanie, France",21,121.67066152605845,1.6666666666666667,1.9761904761904763,3.1666666666666665,10.69047619047619
"Lausanne, Vaud, Schweiz","Lyon, Auvergne-Rhône-Alpes, France",21,162.02188339682056,2.3333333333333335,2.746031746031746,3.5,16.904761904761905
"Milano, Lombardia, Italia","Genova, Liguria, Italia",21,118.56698041276098,1.5,2.861111111111111,19.916666666666668,11.17142857142857
"Lyon, Auvergne-Rhône-Alpes, France","Nîmes, Occitanie, France",21,217.57045065902747,1.9166666666666667,3.456349206349206,6.083333333333333,35.50952380952381
"Compiègne, Hauts-de-France, France","Bruxelles, Bruxelles-Capitale, Belgique",21,190.40288093425085,2.283333333333333,3.496031746031746,5.733333333333333,89.5142857142857
"Muret, Occitanie, France","Pessac, Nouvelle-Aquitaine, France",21,215.77785608156117,2.3333333333333335,3.5142857142857142,13.15,21.476190476190474
"Grigny-le-Sablon, Auvergne-Rhône-Alpes, France","Béziers, Occitanie, France",21,281.81199316007684,3.3333333333333335,4.238095238095238,5.166666666666667,28.80952380952381
"Clermont-Ferrand, Auvergne-Rhône-Alpes, France","Chambéry, Auvergne-Rhône-Alpes, France",21,221.4682734467712,3.8333333333333335,5.073015873015873,7.083333333333333,35.46190476190476
"Nancy, Grand-Est, France","Lille, Hauts-de-France, France",21,312.54788331218174,4.166666666666667,5.294444444444444,10.416666666666666,33.32380952380952
"Paris, Île-de-France, France","Plounerin, Bretagne, France",21,435.3009722826718,5.0,5.666666666666667,6.833333333333333,37.92857142857143
"Massy, Île-de-France, France","Bordeaux, Nouvelle-Aquitaine, France",21,484.54858000021574,2.6666666666666665,7.654761904761905,27.333333333333332,73.14285714285714
"Marseille, Provence-Alpes-Côte d'Azur, France","Pau, Nouvelle-Aquitaine, France",21,464.1731419572879,5.5,8.107936507936508,20.5,55.37619047619048
"Paris, Île-de-France, France","Luxembourg, Canton Luxembourg, Luxembourg",21,286.98808800474995,2.95,8.31984126984127,31.5,30.676190476190477
"Moulins, Auvergne-Rhône-Alpes, France","Paris, Île-de-France, France",21,264.6182719697349,3.05,9.776190476190475,30.316666666666666,40.37142857142857
"Aix-en-provence, Provence-Alpes-Côte d'Azur, France","Clermont-Ferrand, Auvergne-Rhône-Alpes, France",21,312.0563252133996,4.1,11.44047619047619,31.666666666666668,64.05238095238094
"Arras, Hauts-de-France, France","Toulon, Provence-Alpes-Côte d'Azur, France",21,831.803964569238,5.833333333333333,13.63968253968254,32.65,107.11428571428571
"Les Sables-d'Olonne, Pays de la Loire, France","Arles, Provence-Alpes-Côte d'Azur, France",21,592.4895352143881,7.333333333333333,15.834126984126984,31.15,94.70476190476191
"Orléans, Centre-Val de Loire, France","Torino, Piemonte, Italia",21,543.2151039089534,8.666666666666666,17.599206349206348,38.166666666666664,62.24285714285714
"Toulouse, Occitanie, France","Caen, Normandie, France",21,633.7550655377502,8.066666666666666,18.22063492063492,32.25,53.714285714285715
"Bruxelles, Bruxelles-Capitale, Belgique","Lille, Hauts-de-France, France",20,91.03913850708265,1.1666666666666667,1.3666666666666667,1.8333333333333333,8.9
"Perpignan, Occitanie, France","Valence, Auvergne-Rhône-Alpes, France",20,295.4326318788117,3.316666666666667,3.975833333333333,5.283333333333333,53.80500000000001
"Lille, Hauts-de-France, France","Liège, Wallonie, Belgique",20,176.51746957633736,2.3666666666666667,4.248333333333333,21.416666666666668,41.755
"Marseille, Provence-Alpes-Côte d'Azur, France","Cannes, Provence-Alpes-Côte d'Azur, France",20,135.62394216850592,1.6666666666666667,4.363333333333333,16.15,28.439999999999998
"Paris, Île-de-France, France","Amsterdam Aeroport, Noord-Holland, Nederland",20,432.4888990396893,3.4833333333333334,5.4591666666666665,7.166666666666667,93.275
"Amiens, Hauts-de-France, France","Nantes, Pays-de-la-Loire, France",20,407.0792644112881,4.416666666666667,5.476666666666667,10.416666666666666,89.89500000000001
"Toulon, Provence-Alpes-Côte d'Azur, France","Toulouse, Occitanie, France",20,365.95938778823876,4.333333333333333,5.6975,8.033333333333333,49.980000000000004
"Bonneval, Centre-Val de Loire, France","Rennes, Bretagne, France",20,226.80435824462194,2.0,6.499166666666666,24.766666666666666,62.885000000000005
"Rouen, Normandie, France","Lorient, Bretagne, France",20,375.3331302208921,5.05,7.114166666666667,13.883333333333333,86.825
"Bourges, Centre-Val de Loire, France","Dijon, Bourgogne-Franche-Comté, France",20,200.4339667806214,3.4166666666666665,7.633333333333333,25.25,40.144999999999996
"Paris, Île-de-France, France","Hendaye, Nouvelle-Aquitaine, France",20,689.117635683153,5.25,8.522499999999999,21.05,86.635
"Paris, Île-de-France, France","Saint-Malo, Bretagne, France",20,321.38676904421374,3.7333333333333334,8.602500000000001,30.583333333333332,36.3
"Bruxelles, Bruxelles-Capitale, Belgique","Châteauroux, Centre-Val de Loire, France",20,487.29359244191505,4.45,11.215,26.216666666666665,75.97
"Clermont-Ferrand, Auvergne-Rhône-Alpes, France","La Rochelle, Nouvelle-Aquitaine, France",20,329.5731323250297,5.666666666666667,13.066666666666666,31.333333333333332,74.63
"Dijon, Bourgogne-Franche-Comté, France","Cannes, Provence-Alpes-Côte d'Azur, France",20,447.5959085403545,5.933333333333334,13.4325,27.933333333333334,80.58500000000001
"Dijon, Bourgogne-Franche-Comté, France","Périgueux, Nouvelle-Aquitaine, France",20,411.8352331923576,10.0,16.983333333333334,34.0,29.93
"Deauville, Normandie, France","Paris, Île-de-France, France",19,174.63518543675022,2.0,2.385964912280702,2.8333333333333335,14.921052631578947
"Auxerre, Bourgogne-Franche-Comté, France","Paris, Île-de-France, France",19,148.1834498512921,1.6666666666666667,3.044736842105263,8.916666666666666,22.099999999999998
"Toulouse, Occitanie, France","Marseille, Provence-Alpes-Côte d'Azur, France",19,318.144122905946,3.8333333333333335,4.828947368421052,8.25,29.489473684210523
"Saint-Étienne, Auvergne-Rhône-Alpes, France","Montpellier, Occitanie, France",19,207.95431017481528,2.816666666666667,4.8956140350877195,16.2,50.463157894736845
"Chambéry, Auvergne-Rhône-Alpes, France","Clermont-Ferrand, Auvergne-Rhône-Alpes, France",19,221.4682734467712,4.383333333333334,5.600877192982456,7.75,29.657894736842106
"Nice, Provence-Alpes-Côte d'Azur, France","Nîmes, Occitanie, France",19,229.7709680676551,2.6666666666666665,5.684210526315789,31.916666666666668,20.18421052631579
"Paris Aéroport Orly, Île-de-France, France","Strasbourg, Grand-Est, France",19,393.9919433824286,4.666666666666667,6.074561403508772,17.916666666666668,37.54736842105263
"Bourges, Centre-Val de Loire, France","Châteauroux, Centre-Val de Loire, France",19,61.12048077704694,1.1166666666666667,6.109649122807017,28.833333333333332,19.91578947368421
"Angers, Pays-de-la-Loire, France","Meximieux, Auvergne-Rhône-Alpes, France",19,472.6178390017571,4.983333333333333,6.845614035087719,11.983333333333333,61.31578947368421
"Nîmes, Occitanie, France","Marseille, Provence-Alpes-Côte d'Azur, France",19,101.12533736421572,1.5,7.423684210526316,28.5,25.23157894736842
"Agen, Nouvelle-Aquitaine, France","Marseille, Provence-Alpes-Côte d'Azur, France",19,394.68743348218044,5.6,7.909649122807018,12.333333333333334,46.39473684210526
"Bruxelles, Bruxelles-Capitale, Belgique","Bourgoin-Jallieu, Auvergne-Rhône-Alpes, France",19,587.7446807152241,4.166666666666667,7.9333333333333345,15.416666666666666,65.8736842105263
"Nevers, Bourgogne-Franche-Comté, France","Lyon, Auvergne-Rhône-Alpes, France",19,187.78917408760174,2.8333333333333335,9.141228070175439,24.183333333333334,37.53684210526316
"Caen, Normandie, France","Metz, Grand-Est, France",19,474.97198933597565,4.983333333333333,9.25263157894737,18.5,62.09473684210526
"Liège, Wallonie, Belgique","Tours, Centre-Val de Loire, France",19,506.82828918651046,4.283333333333333,10.148245614035087,31.25,81.23157894736842
"Besançon, Bourgogne-Franche-Comté, France","Nice, Provence-Alpes-Côte d'Azur, France",19,407.89735600658605,6.833333333333333,15.581578947368422,28.833333333333332,57.51052631578948
"Nice, Provence-Alpes-Côte d'Azur, France","Roquebrune-Cap-Martin, Provence-Alpes-Côte d'Azur, France",18,24.254505370602256,0.95,1.901851851851852,10.7,8.055555555555555
"Toulouse, Occitanie, France","Auch, Occitanie, France",18,68.98459800965848,1.6666666666666667,2.848148148148148,11.95,16.055555555555557
"Lyon, Auvergne-Rhône-Alpes, France","Grenoble, Auvergne-Rhône-Alpes, France",18,94.3306639199593,1.0,3.087962962962963,23.833333333333332,8.905555555555557
"Redon, Bretagne, France","Brest, Bretagne, France",18,196.36550806826813,2.933333333333333,3.474074074074074,4.966666666666667,39.1
"Rouen, Normandie, France","Reims, Grand-Est, France",18,211.28357611951068,3.283333333333333,4.308333333333334,6.0,37.61666666666667
"Paris, Île-de-France, France","Charleville-Mézières, Grand-Est, France",18,200.10610523320935,2.033333333333333,4.79537037037037,26.083333333333332,30.422222222222224
"Besançon, Bourgogne-Franche-Comté, France","Strasbourg, Grand-Est, France",18,196.75204171560017,2.6666666666666665,5.617592592592593,23.0,22.655555555555555
"Paris, Île-de-France, France","Nancy, Grand-Est, France",18,278.9270725768499,2.5166666666666666,5.70462962962963,8.833333333333334,36.56666666666667
"Lausanne, Vaud, Schweiz","Versailles, Île-de-France, France",18,421.88230074926963,4.333333333333333,5.712962962962963,8.166666666666666,42.0
"Arles, Provence-Alpes-Côte d'Azur, France","Paris, Île-de-France, France",18,600.1788756133735,3.716666666666667,5.936111111111111,8.833333333333334,69.25
"Annecy, Auvergne-Rhône-Alpes, France","Marseille, Provence-Alpes-Côte d'Azur, France",18,295.59356816466624,4.416666666666667,6.703703703703703,18.083333333333332,52.43333333333333
"Paris, Île-de-France, France","Crest, Auvergne-Rhône-Alpes, France",18,500.66626568496645,5.5,6.712962962962963,11.333333333333334,44.138888888888886
"Narbonne, Occitanie, France","Paris, Île-de-France, France",18,631.2981650015353,4.683333333333334,6.79537037037037,10.833333333333334,91.01111111111112
"Châteauroux, Centre-Val de Loire, France","Rouen, Normandie, France",18,296.19289117353384,4.5,7.080555555555556,16.333333333333332,42.82222222222222
"Paris, Île-de-France, France","Mâcon, Bourgogne-Franche-Comté, France",18,338.3367522005558,3.7333333333333334,7.74537037037037,24.15,54.94444444444444
"Toulouse, Occitanie, France","Roissy-en-France, Île-de-France, France",18,605.0032775652123,6.233333333333333,9.007407407407406,25.033333333333335,71.52777777777777
"Rouen, Normandie, France","Nantes, Pays-de-la-Loire, France",18,311.5005561321981,4.0,11.317592592592593,26.766666666666666,61.49444444444445
"Biarritz, Nouvelle-Aquitaine, France","Lyon, Auvergne-Rhône-Alpes, France",18,565.819761412312,7.516666666666667,12.685185185185185,28.333333333333332,60.34444444444445
"Le Havre, Normandie, France","London, England, United Kingdom",18,224.453085882248,8.75,12.88888888888889,21.833333333333332,55.28888888888889
"Paris, Île-de-France, France","Carcassonne, Occitanie, France",18,626.6444311990393,5.633333333333334,13.406481481481482,35.916666666666664,83.73333333333333
"Tourcoing, Hauts-de-France, France","Marseille, Provence-Alpes-Côte d'Azur, France",18,842.6985050371326,5.7,14.747222222222222,39.0,96.93333333333334
"Poitiers, Nouvelle-Aquitaine, France","Saint-Étienne, Auvergne-Rhône-Alpes, France",18,338.7547655076895,5.45,15.558333333333334,39.25,96.74444444444445
"München, Bayern, Deutschland","Paris, Île-de-France, France",18,684.3266995061635,6.3,17.24537037037037,37.53333333333333,89.74444444444445
"Paris, Île-de-France, France","Lisboa, Área Metropolitana de Lisboa, Portugal",18,1449.9593464292877,18.333333333333332,39.90277777777778,56.166666666666664,89.95
"Bruz, Bretagne, France","Vannes, Bretagne, France",17,84.92428657919933,1.1666666666666667,1.6352941176470588,3.8333333333333335,11.294117647058824
"Le Mans, Pays-de-la-Loire, France","Nantes, Pays-de-la-Loire, France",17,153.98934104895957,1.8333333333333333,2.4166666666666665,6.083333333333333,13.441176470588236
"Saint-Étienne, Auvergne-Rhône-Alpes, France","Marseille, Provence-Alpes-Côte d'Azur, France",17,250.68704553856875,3.3333333333333335,3.8529411764705883,5.333333333333333,25.647058823529413
"Amsterdam, Noord-Holland, Nederland","Bruxelles, Bruxelles-Capitale, Belgique",17,176.29204326473095,2.716666666666667,4.192156862745098,6.916666666666667,43.89411764705883
"Marmande, Nouvelle-Aquitaine, France","Toulouse, Occitanie, France",17,142.53651140830777,1.6666666666666667,5.350980392156863,14.7,25.823529411764707
"Lyon, Auvergne-Rhône-Alpes, France","Europa Park Rust, Baden-Württemberg, Deutschland",17,353.49875102259017,4.166666666666667,6.323529411764706,11.5,34.49411764705882
"Sedan, Grand-Est, France","Paris, Île-de-France, France",17,209.4422255658525,2.183333333333333,7.172549019607843,26.216666666666665,47.56470588235294
"Toulouse, Occitanie, France","Barcelona, Cataluña, España",17,254.7223049188606,3.8333333333333335,7.897058823529412,39.416666666666664,29.570588235294117
"Paris, Île-de-France, France","Bourg-lès-Valence, Auvergne-Rhône-Alpes, France",17,472.56150320497983,6.0,7.970588235294118,11.333333333333334,40.98235294117647
"Tours, Centre-Val de Loire, France","Liège, Wallonie, Belgique",17,506.82828918651046,4.3,8.220588235294118,13.1,89.04705882352941
"Marseille, Provence-Alpes-Côte d'Azur, France","Clermont-Ferrand, Auvergne-Rhône-Alpes, France",17,329.46851618461505,4.833333333333333,8.920588235294119,28.25,40.95882352941176
"Paris, Île-de-France, France","Morlaix, Bretagne, France",17,455.998496577945,3.35,9.152941176470588,24.416666666666668,69.63529411764705
"Paris, Île-de-France, France","Lourdes, Occitanie, France",17,665.23539809402,5.3,9.825490196078432,17.333333333333332,70.02352941176471
"Caen, Normandie, France","Lyon, Auvergne-Rhône-Alpes, France",17,543.6036607608968,5.733333333333333,10.333333333333332,14.666666666666666,47.51764705882353
"Amsterdam, Noord-Holland, Nederland","Berlin, Berlin, Deutschland",17,580.4646503003428,8.833333333333334,11.740196078431373,16.75,39.60588235294117
"Madrid, Comunidad de Madrid, España","Barcelona, Cataluña, España",17,505.4122726771927,6.0,11.94607843137255,33.0,60.9
"Paris, Île-de-France, France","Birmingham, England, United Kingdom",17,505.4279580241686,10.083333333333334,12.19607843137255,14.583333333333334,46.05235294117647
"Marseille, Provence-Alpes-Côte d'Azur, France","Limoges, Nouvelle-Aquitaine, France",17,430.37354494523197,7.0,13.105882352941178,22.683333333333334,66.3
"Avignon, Provence-Alpes-Côte d'Azur, France","Bruxelles, Bruxelles-Capitale, Belgique",17,766.1177761668799,6.333333333333333,13.284313725490197,24.5,102.06470588235294
"Brive-la-Gaillarde, Nouvelle-Aquitaine, France","Montpellier, Occitanie, France",17,258.532957224113,6.016666666666667,15.812745098039215,30.016666666666666,41.84705882352941
"Lyon, Auvergne-Rhône-Alpes, France","Berlin, Berlin, Deutschland",17,974.8027535180046,19.333333333333332,24.44607843137255,37.5,62.51176470588236
"Alençon, Normandie, France","Nantes, Pays-de-la-Loire, France",16,178.81031409314159,2.1666666666666665,2.890625,4.833333333333333,32.75625
"Annecy, Auvergne-Rhône-Alpes, France","Saint-Quentin Fallavier, Auvergne-Rhône-Alpes, France",16,84.99279247651687,1.1666666666666667,3.309375,4.016666666666667,26.44375
"Orléans, Centre-Val de Loire, France","Sens, Bourgogne-Franche-Comté, France",16,106.26469014165548,2.966666666666667,3.357291666666667,4.033333333333333,34.88125
"Clermont-Ferrand, Auvergne-Rhône-Alpes, France","Moulins, Auvergne-Rhône-Alpes, France",16,90.20825391169575,1.1666666666666667,3.45,12.25,17.3125
"Le Mans, Pays-de-la-Loire, France","Rouen, Normandie, France",16,172.90896102724486,2.0,4.686458333333333,7.666666666666667,23.0
"Bruxelles, Bruxelles-Capitale, Belgique","Caen, Normandie, France",16,381.85509598457764,4.3,5.214583333333334,8.1,88.45625
"Caen, Normandie, France","Bruxelles, Bruxelles-Capitale, Belgique",16,381.85509598457764,4.4,5.288541666666666,7.3,81.6375
"Reims, Grand-Est, France","Rouen, Normandie, France",16,211.28357611951068,3.25,5.520833333333333,9.083333333333334,30.05625
"Soissons, Hauts-de-France, France","Strasbourg, Grand-Est, France",16,334.1911250601404,4.116666666666666,5.897916666666667,15.75,98.6
"Nantes, Pays-de-la-Loire, France","Bruxelles, Bruxelles-Capitale, Belgique",16,583.6684614094576,5.033333333333333,5.921875,8.133333333333333,118.35625
"Dijon, Bourgogne-Franche-Comté, France","Clermont-Ferrand, Auvergne-Rhône-Alpes, France",16,227.94680141443797,3.3333333333333335,6.067708333333333,14.0,26.7375
"Paris, Île-de-France, France","Dax, Nouvelle-Aquitaine, France",16,627.0588097118538,4.266666666666667,6.704166666666667,10.666666666666666,90.55
"Perpignan, Occitanie, France","Marseille, Provence-Alpes-Côte d'Azur, France",16,212.40066286396498,3.3333333333333335,6.779166666666667,22.266666666666666,41.01875
"Paris, Île-de-France, France","Liège, Wallonie, Belgique",16,305.19643706030035,3.5,7.96875,22.583333333333332,29.6
"Marseille, Provence-Alpes-Côte d'Azur, France","Avignon, Provence-Alpes-Côte d'Azur, France",16,85.99292939937804,1.0,8.458333333333334,20.5,12.49375
"Lille, Hauts-de-France, France","Périgueux, Nouvelle-Aquitaine, France",16,636.2034140294058,6.4,8.5,15.416666666666666,104.325
"Paris, Île-de-France, France","Aachen, Nordrhein-Westfalen, Deutschland",16,342.91084940851226,3.716666666666667,8.611458333333333,15.7,80.55625
"Saint-Omer, Hauts-de-France, France","Bordeaux, Nouvelle-Aquitaine, France",16,691.5386895906938,6.283333333333333,8.760416666666666,13.683333333333334,82.65625
"Paris, Île-de-France, France","Royan, Nouvelle-Aquitaine, France",16,439.2186989809167,3.8333333333333335,9.576041666666667,29.216666666666665,59.7375
"Strasbourg, Grand-Est, France","Nantes, Pays-de-la-Loire, France",16,706.3511492317195,4.883333333333334,9.910416666666666,33.983333333333334,134.65625
"Bourgoin-Jallieu, Auvergne-Rhône-Alpes, France","Bordeaux, Nouvelle-Aquitaine, France",16,466.2747840691706,5.666666666666667,11.803125,26.783333333333335,58.168749999999996
"Lille, Hauts-de-France, France","Aix-en-provence, Provence-Alpes-Côte d'Azur, France",16,811.1690171720879,5.116666666666666,12.652083333333334,37.333333333333336,113.275
"Bordeaux, Nouvelle-Aquitaine, France","Valence, Auvergne-Rhône-Alpes, France",16,430.73316445784025,5.85,13.313541666666666,23.616666666666667,73.39375
"Genève, Genève, Schweiz","Toulouse, Occitanie, France",16,468.85615262955105,6.166666666666667,14.0375,35.03333333333333,64.05
"Frankfurt, Hessen, Deutschland","Rouen, Normandie, France",16,549.2353545083527,6.033333333333333,15.870833333333334,26.916666666666668,68.73125
"Bordeaux, Nouvelle-Aquitaine, France","Dijon, Bourgogne-Franche-Comté, France",16,513.002212842097,7.183333333333334,16.003125,29.7,81.25
"Guingamp, Bretagne, France","Bordeaux, Nouvelle-Aquitaine, France",16,460.92177133930113,5.666666666666667,16.785416666666666,31.716666666666665,56.325
"Perpignan, Occitanie, France","Lille, Hauts-de-France, France",16,883.1853525168194,10.333333333333334,17.4375,24.416666666666668,50.2875
"Lens, Hauts-de-France, France","Tarbes, Occitanie, France",16,827.5501962275905,7.516666666666667,17.755208333333332,40.61666666666667,127.19375
"Besançon, Bourgogne-Franche-Comté, France","La Rochelle, Nouvelle-Aquitaine, France",16,559.7974698099247,6.733333333333333,21.103125,40.71666666666667,85.90625
"La Rochelle, Nouvelle-Aquitaine, France","Aix-en-provence, Provence-Alpes-Côte d'Azur, France",16,596.0595865282149,8.0,21.114583333333332,39.083333333333336,42.05
"Pontchaillou, Bretagne, France","Laval, Pays-de-la-Loire, France",15,69.6575109616861,0.65,1.2744444444444445,2.033333333333333,14.446666666666667
"Amiens, Hauts-de-France, France","Boulogne-sur-Mer, Hauts-de-France, France",15,104.9995717213839,1.3333333333333333,1.5555555555555556,2.6666666666666665,9.9
"Saint-Herblain, Pays-de-la-Loire, France","Saint-Nazaire, Pays de la Loire, France",15,42.57352253305972,0.8666666666666667,1.7333333333333334,3.8333333333333335,12.020000000000001
"Tonnerre, Bourgogne-Franche-Comté, France","Auxerre, Bourgogne-Franche-Comté, France",15,29.874954891291797,0.7833333333333333,1.7466666666666666,5.033333333333333,15.666666666666666
"Paris, Île-de-France, France","Laon, Hauts-de-France, France",15,121.76716341384292,1.6666666666666667,2.8844444444444446,4.466666666666667,16.353333333333335
"Beauvais Aéroport Paris, Hauts-de-France, France","Paris, Île-de-France, France",15,70.47726018647847,1.0,2.972222222222222,12.666666666666666,9.3
"Lannion, Bretagne, France","Paris, Île-de-France, France",15,425.9298071732117,3.35,3.7133333333333334,5.333333333333333,69.95333333333333
"Montpellier, Occitanie, France","Grenoble, Auvergne-Rhône-Alpes, France",15,227.18578339836003,3.0,3.838888888888889,6.416666666666667,21.166666666666668
"Reims, Grand-Est, France","Châlons-en-Champagne, Grand-Est, France",15,35.63190791887567,1.7166666666666666,4.257777777777778,10.25,17.953333333333333
"Angoulême, Nouvelle-Aquitaine, France","Paris, Île-de-France, France",15,394.76815250581024,2.3666666666666667,4.363333333333333,9.066666666666666,60.62
"Angers, Pays-de-la-Loire, France","Les Sables-d'Olonne, Pays de la Loire, France",15,142.71590977498957,1.9166666666666667,4.821111111111111,21.333333333333332,34.35333333333333
"Rouen, Normandie, France","Tourcoing, Hauts-de-France, France",15,204.82834824112769,2.6666666666666665,4.998888888888889,8.5,20.08
"Ambérieu-en-Bugey, Auvergne-Rhône-Alpes, France","Dijon, Bourgogne-Franche-Comté, France",15,154.1902036313533,1.6666666666666667,5.224444444444445,13.266666666666667,23.733333333333334
"Saint-Étienne, Auvergne-Rhône-Alpes, France","Aix-les-Bains, Auvergne-Rhône-Alpes, France",15,120.37880466905165,1.5,5.488888888888889,17.083333333333332,18.6
"Tours, Centre-Val de Loire, France","Namur, Wallonie, Belgique",15,458.2142353369944,5.333333333333333,7.122222222222222,10.75,67.17999999999999
"Roissy-en-France, Île-de-France, France","Cannes, Provence-Alpes-Côte d'Azur, France",15,698.0208761796454,6.516666666666667,8.396666666666667,12.333333333333334,82.56666666666666
"Limoges, Nouvelle-Aquitaine, France","Lille, Hauts-de-France, France",15,550.5145230575051,5.833333333333333,9.4,12.416666666666666,38.24666666666667
"Rouen, Normandie, France","Lyon, Auvergne-Rhône-Alpes, France",15,495.6553897992513,6.5,9.83888888888889,15.833333333333334,25.1
"Paris, Île-de-France, France","Brive-la-Gaillarde, Nouvelle-Aquitaine, France",15,416.870156017457,4.833333333333333,10.055555555555555,24.333333333333332,31.66
"Clermont-Ferrand, Auvergne-Rhône-Alpes, France","Rouen, Normandie, France",15,434.51890623049053,6.833333333333333,11.1,18.916666666666668,27.633333333333333
"Rouen, Normandie, France","Bordeaux, Nouvelle-Aquitaine, France",15,527.938514793162,6.5,11.28,29.083333333333332,75.28666666666666
"Auxerre, Bourgogne-Franche-Comté, France","Toulouse, Occitanie, France",15,493.70309758366335,6.833333333333333,12.18,17.716666666666665,79.72
"Nice, Provence-Alpes-Côte d'Azur, France","Clermont-de-l'Oise, Hauts-de-France, France",15,733.8237422676909,7.583333333333333,12.69111111111111,37.6,90.78
"Bordeaux, Nouvelle-Aquitaine, France","Saint-Malo, Bretagne, France",15,438.5157763422816,5.5,12.791111111111112,23.916666666666668,74.11999999999999
"Marseille, Provence-Alpes-Côte d'Azur, France","Amiens, Hauts-de-France, France",15,769.6004349547901,7.483333333333333,14.954444444444444,29.083333333333332,95.24666666666667
"Paris, Île-de-France, France","Perpignan, Occitanie, France",15,685.1792788337843,8.333333333333334,15.116666666666667,20.333333333333332,44.95333333333333
"Angoulême, Nouvelle-Aquitaine, France","Montpellier, Occitanie, France",15,375.67344198973706,7.333333333333333,15.227777777777778,30.75,34.906666666666666
"Paris, Île-de-France, France","München, Bayern, Deutschland",15,684.3266995061635,5.683333333333334,15.614444444444445,39.13333333333333,85.10666666666665
"Bourges, Centre-Val de Loire, France","London, England, United Kingdom",15,525.1006615255986,11.583333333333334,15.70111111111111,25.583333333333332,73.53999999999999
"Toulouse, Occitanie, France","Bruxelles, Bruxelles-Capitale, Belgique",15,831.7831849193796,6.983333333333333,17.02,35.78333333333333,63.74666666666667
"Paris, Île-de-France, France","Milano, Lombardia, Italia",15,638.6802109838221,8.5,18.716666666666665,38.016666666666666,80.26666666666667
"Paris, Île-de-France, France","Barcelona, Cataluña, España",15,829.9266931443767,10.333333333333334,19.416666666666668,33.666666666666664,56.0
"Paris, Île-de-France, France","Budapest, Közép-Magyarország, Magyarország",15,1243.9991349073073,23.75,30.866666666666667,48.75,92.36
"Rennes, Bretagne, France","Nantes, Pays-de-la-Loire, France",14,93.47427158496284,1.1666666666666667,1.755952380952381,5.583333333333333,8.75
"Lunel, Occitanie, France","Lyon, Auvergne-Rhône-Alpes, France",14,238.47267859077027,1.7166666666666666,2.5,4.15,39.16428571428571
"Besançon, Bourgogne-Franche-Comté, France","Lyon, Auvergne-Rhône-Alpes, France",14,187.42340063100332,2.3333333333333335,3.0416666666666665,7.083333333333333,19.285714285714285
"Bruxelles, Bruxelles-Capitale, Belgique","Chessy, Île-de-France, France",14,244.53650662098786,3.1666666666666665,3.5357142857142856,4.0,25.25
"Bruz, Bretagne, France","Paris, Île-de-France, France",14,316.09898998151,3.3333333333333335,3.9166666666666665,6.5,26.857142857142858
"Nîmes, Occitanie, France","Grenoble, Auvergne-Rhône-Alpes, France",14,185.19829245596247,1.95,4.194047619047619,24.166666666666668,39.76428571428572
"Rouen, Normandie, France","Châlons-en-Champagne, Grand-Est, France",14,240.9176509856405,3.533333333333333,4.246428571428572,6.75,39.9
"Biarritz, Nouvelle-Aquitaine, France","Bordeaux, Nouvelle-Aquitaine, France",14,169.4649112239895,1.6666666666666667,4.523809523809524,9.833333333333334,17.707142857142856
"Issoire, Auvergne-Rhône-Alpes, France","Paris, Île-de-France, France",14,372.89993854362314,4.133333333333334,5.561904761904763,14.583333333333334,51.457142857142856
"Caen, Normandie, France","Lille, Hauts-de-France, France",14,294.18753091160096,3.8333333333333335,5.714285714285714,9.333333333333334,30.935714285714287
"Angoulême, Nouvelle-Aquitaine, France","Vannes, Bretagne, France",14,314.80651564957805,4.983333333333333,6.286904761904762,9.516666666666667,122.29285714285713
"Perpignan, Occitanie, France","Bordeaux, Nouvelle-Aquitaine, France",14,365.7268717886336,4.166666666666667,6.303571428571429,12.75,31.557142857142857
"Barcelona, Cataluña, España","Marseille, Provence-Alpes-Côte d'Azur, France",14,337.87520430008544,5.5,7.6309523809523805,11.25,33.49285714285714
"Metz, Grand-Est, France","Angers, Pays-de-la-Loire, France",14,530.8420959897489,3.783333333333333,7.789285714285714,12.416666666666666,60.699999999999996
"Nîmes, Occitanie, France","Lille, Hauts-de-France, France",14,762.5032476497424,4.916666666666667,8.096428571428572,16.5,99.32142857142857
"Strasbourg, Grand-Est, France","Lille, Hauts-de-France, France",14,407.68603464199884,5.333333333333333,8.440476190476192,22.416666666666668,56.199999999999996
"Toulouse, Occitanie, France","Genève, Genève, Schweiz",14,468.85615262955105,6.166666666666667,9.710714285714285,19.75,61.692857142857136
"Saint-Quentin, Hauts-de-France, France","Bordeaux, Nouvelle-Aquitaine, France",14,628.41683509835,4.533333333333333,9.888095238095238,31.083333333333332,96.58571428571429
"Paris, Île-de-France, France","Menton, Provence-Alpes-Côte d'Azur, France",14,688.0088999686369,6.2,9.905952380952382,29.2,93.60000000000001
"Paris, Île-de-France, France","Moulins, Auvergne-Rhône-Alpes, France",14,264.6182719697349,3.0,11.317857142857141,25.966666666666665,29.735714285714288
"Clermont-de-l'Oise, Hauts-de-France, France","Nice, Provence-Alpes-Côte d'Azur, France",14,733.8237422676909,7.6,12.291666666666668,30.6,73.34285714285714
"Rennes, Bretagne, France","Toulouse, Occitanie, France",14,552.5350437630069,7.0,13.217857142857142,21.333333333333332,52.75
"Perpignan, Occitanie, France","Bruxelles, Bruxelles-Capitale, Belgique",14,911.4913719052612,7.4,13.364285714285714,20.75,111.58571428571429
"Rouen, Normandie, France","Cholet, Pays-de-la-Loire, France",14,301.8755353567764,4.916666666666667,13.655952380952382,26.133333333333333,70.1
"Annecy, Auvergne-Rhône-Alpes, France","Brive-la-Gaillarde, Nouvelle-Aquitaine, France",14,371.5152134041509,5.833333333333333,14.107142857142858,42.5,104.32142857142857
"Paris, Île-de-France, France","Bologna, Emilia-Romagna, Italia",14,838.635851790695,3.55,14.732142857142858,25.666666666666668,60.22857142857142
"Milano, Lombardia, Italia","Marseille, Provence-Alpes-Côte d'Azur, France",14,387.4047580706613,7.166666666666667,16.345238095238095,41.166666666666664,46.614285714285714
"Paris, Île-de-France, France","Frankfurt, Hessen, Deutschland",14,478.2159179011106,6.0,16.570238095238096,37.86666666666667,73.12142857142858
"Marseille, Provence-Alpes-Côte d'Azur, France","Colmar, Grand-Est, France",14,553.7605125860844,6.2,16.58214285714286,29.583333333333332,62.23571428571428
"Rennes, Bretagne, France","Montpellier, Occitanie, France",14,659.3223016333329,7.633333333333334,16.99404761904762,33.06666666666667,86.86428571428571
"Lyon, Auvergne-Rhône-Alpes, France","Stuttgart, Baden-Württemberg, Deutschland",14,468.5247300305127,5.516666666666667,17.25595238095238,32.516666666666666,87.14285714285714
"Nantes, Pays-de-la-Loire, France","Vannes, Bretagne, France",13,103.50178059596973,1.4666666666666666,2.965384615384615,14.333333333333334,21.107692307692307
"Montrichard, Centre-Val de Loire, France","Nantes, Pays-de-la-Loire, France",13,203.33649581987927,2.45,3.2256410256410253,4.583333333333333,31.03846153846154
"Bar-Le-Duc, Grand-Est, France","Paris, Île-de-France, France",13,206.24410913449964,2.4833333333333334,3.5820512820512818,5.383333333333334,55.16923076923077
"Sens, Bourgogne-Franche-Comté, France","Troyes, Grand-Est, France",13,63.310431177150406,1.0,3.7025641025641027,4.266666666666667,38.88461538461539
"Lillers, Hauts-de-France, France","Paris, Île-de-France, France",13,190.79528264820058,1.75,4.392307692307693,14.916666666666666,27.846153846153847
"Bruxelles, Bruxelles-Capitale, Belgique","Poitiers, Nouvelle-Aquitaine, France",13,556.2328280549923,4.016666666666667,4.829487179487179,6.5,148.69230769230768
"Paris, Île-de-France, France","Sedan, Grand-Est, France",13,209.4422255658525,2.2,5.393589743589744,12.833333333333334,31.092307692307692
"Vesoul, Bourgogne-Franche-Comté, France","Paris, Île-de-France, France",13,312.8674528325934,3.2333333333333334,6.717948717948717,16.433333333333334,42.96153846153846
"Grenoble, Auvergne-Rhône-Alpes, France","Amiens, Hauts-de-France, France",13,582.3091591549568,5.366666666666666,8.474358974358974,16.166666666666668,91.82307692307693
"London, England, United Kingdom","Bruxelles, Bruxelles-Capitale, Belgique",13,319.77840259476716,3.7666666666666666,8.667948717948718,27.5,67.23076923076923
"Compiègne, Hauts-de-France, France","Toulouse, Occitanie, France",13,654.3330636474456,6.3,8.970512820512822,13.016666666666667,98.28461538461539
"Arras, Hauts-de-France, France","Calais, Hauts-de-France, France",13,98.65088795193485,1.1666666666666667,9.556410256410256,25.166666666666668,20.46153846153846
"Angers, Pays-de-la-Loire, France","Lyon, Auvergne-Rhône-Alpes, France",13,454.11431134585035,4.9,9.601282051282052,22.25,72.01538461538462
"Liège, Wallonie, Belgique","Zürich, Zürich, Schweiz",13,422.2095542118577,5.5,9.923076923076923,18.5,44.73846153846154
"Berlin, Berlin, Deutschland","Amsterdam, Noord-Holland, Nederland",13,580.4646503003428,7.5,10.507692307692308,14.266666666666667,38.93846153846154
"Lyon, Auvergne-Rhône-Alpes, France","Bordeaux, Nouvelle-Aquitaine, France",13,435.4790629359759,5.666666666666667,10.996153846153847,26.85,63.01538461538462
"Perpignan, Occitanie, France","Rouen, Normandie, France",13,762.6757261489619,7.15,11.976923076923075,20.083333333333332,72.58461538461539
"Paris, Île-de-France, France","Köln, Nordrhein-Westfalen, Deutschland",13,403.560296503318,5.166666666666667,12.423076923076923,36.666666666666664,30.246153846153845
"Bruxelles, Bruxelles-Capitale, Belgique","Bourges, Centre-Val de Loire, France",13,440.6167085410846,7.666666666666667,12.987179487179487,27.916666666666668,25.06153846153846
"Toulouse, Occitanie, France","Auxerre, Bourgogne-Franche-Comté, France",13,493.70309758366335,6.666666666666667,13.144871794871793,33.833333333333336,64.48461538461538
"Arras, Hauts-de-France, France","Rennes, Bretagne, France",13,405.4996259533268,3.4833333333333334,14.605128205128207,31.583333333333332,49.43076923076923
"Chaumont, Grand-Est, France","Arles, Provence-Alpes-Côte d'Azur, France",13,493.81415319995415,6.6,14.742307692307692,20.883333333333333,96.03846153846153
"Metz, Grand-Est, France","Toulon, Provence-Alpes-Côte d'Azur, France",13,665.545581419723,7.833333333333333,15.149999999999999,31.916666666666668,90.08461538461538
"Dijon, Bourgogne-Franche-Comté, France","London, England, United Kingdom",13,595.9028017798935,12.5,15.352564102564104,24.5,63.16153846153846
"Frankfurt, Hessen, Deutschland","Genève, Genève, Schweiz",13,472.84840342325424,6.666666666666667,15.358974358974358,32.0,32.76923076923077
"Montauban, Occitanie, France","Valence, Auvergne-Rhône-Alpes, France",13,301.531480041006,4.2,15.542307692307693,44.75,66.6076923076923
"Quimper, Bretagne, France","Bayonne, Nouvelle-Aquitaine, France",13,540.168114718164,8.833333333333334,16.397435897435898,25.5,81.26923076923077
"Quimper, Bretagne, France","Dijon, Bourgogne-Franche-Comté, France",13,686.7991470763002,8.0,17.012820512820515,25.916666666666668,42.92307692307692
"Montpellier, Occitanie, France","Parma, Emilia-Romagna, Italia",13,527.8200902073295,11.666666666666666,19.564102564102562,29.0,40.30769230769231
"Orléans, Centre-Val de Loire, France","Grenoble, Auvergne-Rhône-Alpes, France",13,420.1807013785784,5.666666666666667,20.352564102564102,31.916666666666668,39.107692307692304
"Manchester, England, United Kingdom","Lyon, Auvergne-Rhône-Alpes, France",13,996.9135589712428,22.416666666666668,25.717948717948715,34.333333333333336,65.57076923076923
"Montpellier, Occitanie, France","Miramas, Provence-Alpes-Côte d'Azur, France",12,87.12733819883339,1.5,2.3763888888888887,5.133333333333334,22.95
"Perpignan, Occitanie, France","Barcelona, Cataluña, España",12,157.43283350108157,2.0,2.444444444444444,2.8333333333333335,15.25
"Liège, Wallonie, Belgique","Lille, Hauts-de-France, France",12,176.51746957633736,1.8333333333333333,2.7069444444444444,6.916666666666667,21.05
"Alès, Occitanie, France","Lyon, Auvergne-Rhône-Alpes, France",12,191.3056304528046,2.3,2.9444444444444446,4.0,45.65
"Paris Aéroport Orly, Île-de-France, France","Dijon, Bourgogne-Franche-Comté, France",12,251.55601901502123,3.0,3.375,4.0,24.416666666666668
"Paris, Île-de-France, France","Bar-sur-Aube, Grand-Est, France",12,186.98241835292652,2.1333333333333333,3.5638888888888887,5.633333333333334,28.625
"Paris, Île-de-France, France","Sarreguemines, Grand-Est, France",12,345.2963464223256,2.8833333333333333,3.963888888888889,5.95,68.76666666666667
"Valenciennes, Hauts-de-France, France","Paris, Île-de-France, France",12,183.84586720890803,2.0,4.048611111111112,14.083333333333334,18.2
"Chartres, Centre-Val de Loire, France","Nantes, Pays-de-la-Loire, France",12,260.6650525635343,2.9166666666666665,4.405555555555556,9.666666666666666,44.75833333333333
"Versailles, Île-de-France, France","Nantes, Pays-de-la-Loire, France",12,322.147663672575,3.5,4.416666666666667,7.833333333333333,28.666666666666668
"Bordeaux, Nouvelle-Aquitaine, France","Poitiers, Nouvelle-Aquitaine, France",12,206.91258022935497,2.6666666666666665,4.895833333333333,18.416666666666668,18.316666666666666
"Belfort, Bourgogne-Franche-Comté, France","Lyon, Auvergne-Rhône-Alpes, France",12,259.6302071943921,3.1666666666666665,5.173611111111112,15.666666666666666,25.325
"Lourdes, Occitanie, France","Biarritz, Nouvelle-Aquitaine, France",12,129.92256471701296,1.8333333333333333,5.809722222222223,18.333333333333332,16.05
"Paris Aéroport Orly, Île-de-France, France","Amsterdam, Noord-Holland, Nederland",12,440.2822214250765,5.166666666666667,5.986111111111111,6.5,40.625
"Lyon, Auvergne-Rhône-Alpes, France","Auxerre, Bourgogne-Franche-Comté, France",12,245.26418788581694,3.1666666666666665,6.0625,12.166666666666666,22.708333333333332
"Paris, Île-de-France, France","Colmar, Grand-Est, France",12,378.8039142731352,5.166666666666667,6.152777777777778,8.333333333333334,35.666666666666664
"Lyon, Auvergne-Rhône-Alpes, France","Belfort, Bourgogne-Franche-Comté, France",12,259.6302071943921,3.1666666666666665,6.2430555555555545,17.333333333333332,24.933333333333334
"Montargis, Centre-Val de Loire, France","Strasbourg, Grand-Est, France",12,381.13757416911983,3.8333333333333335,6.3125,11.166666666666666,85.45833333333333
"Arras, Hauts-de-France, France","Beauvais Aéroport Paris, Hauts-de-France, France",12,103.57040867164952,1.6666666666666667,7.655555555555556,16.25,19.741666666666667
"Paris, Île-de-France, France","Marseille Aéroport, Provence-Alpes-Côte d'Azur, France",12,640.4258474270096,7.333333333333333,8.5,9.5,57.5
"Nantes, Pays-de-la-Loire, France","Montargis, Centre-Val de Loire, France",12,325.27401027242126,4.216666666666667,8.795833333333334,24.416666666666668,64.56666666666666
"Le Havre, Normandie, France","Bruxelles, Bruxelles-Capitale, Belgique",12,335.7557224414242,7.316666666666666,9.109722222222222,10.25,27.474999999999998
"Beauvais Aéroport Paris, Hauts-de-France, France","Nice, Provence-Alpes-Côte d'Azur, France",12,752.7396289685854,7.683333333333334,9.75,18.666666666666668,122.73333333333333
"Bernay, Normandie, France","Cholet, Pays-de-la-Loire, France",12,249.71794567019327,5.116666666666666,9.758333333333333,25.35,73.3
"Saint-Amand-Montrond, Centre-Val de Loire, France","Lyon, Auvergne-Rhône-Alpes, France",12,209.9848220739589,3.1666666666666665,9.945833333333333,19.95,38.525
"Marseille, Provence-Alpes-Côte d'Azur, France","Mulhouse, Grand-Est, France",12,517.5975418365571,5.183333333333334,11.206944444444446,28.833333333333332,64.675
"Rennes, Bretagne, France","Lisieux, Normandie, France",12,182.19737833202012,3.6166666666666667,11.319444444444445,27.133333333333333,46.59166666666667
"Futuroscope, Nouvelle-Aquitaine, France","Lyon, Auvergne-Rhône-Alpes, France",12,357.44022895129615,6.0,11.365277777777777,21.633333333333333,64.44166666666666
"Bordeaux, Nouvelle-Aquitaine, France","Nîmes, Occitanie, France",12,407.69211175600293,5.666666666666667,12.808333333333332,34.25,54.65833333333333
"London, England, United Kingdom","Bourges, Centre-Val de Loire, France",12,525.1006615255986,6.433333333333334,13.761111111111111,27.516666666666666,90.76666666666667
"Nantes, Pays-de-la-Loire, France","Amsterdam, Noord-Holland, Nederland",12,730.6759233479513,8.65,14.498611111111112,16.916666666666668,55.18333333333334
"Reims, Grand-Est, France","Marseille, Provence-Alpes-Côte d'Azur, France",12,666.4904894084918,7.5,15.305555555555555,24.25,59.025
"Brive-la-Gaillarde, Nouvelle-Aquitaine, France","Marseille, Provence-Alpes-Côte d'Azur, France",12,371.7347728832957,7.666666666666667,16.404166666666665,31.616666666666667,45.724999999999994
"London, England, United Kingdom","Lyon, Auvergne-Rhône-Alpes, France",12,735.0373952297695,15.416666666666666,17.444444444444443,22.25,42.1
"Lyon, Auvergne-Rhône-Alpes, France","La Rochelle, Nouvelle-Aquitaine, France",12,464.32478013166815,7.5,18.1375,36.833333333333336,60.35833333333333
"Nantes, Pays-de-la-Loire, France","Montpellier, Occitanie, France",12,586.5765835727489,8.333333333333334,18.381944444444446,35.083333333333336,44.025
"Paris, Île-de-France, France","Firenze, Toscana, Italia",12,885.2818838450145,12.833333333333334,21.506944444444443,29.666666666666668,93.86666666666667
"Cannes, Provence-Alpes-Côte d'Azur, France","Strasbourg, Grand-Est, France",12,561.8980200067678,9.016666666666667,21.59583333333333,43.0,95.69166666666666
"Marseille, Provence-Alpes-Côte d'Azur, France","Angers, Pays-de-la-Loire, France",12,656.0619001999136,13.833333333333334,24.4375,40.666666666666664,42.925000000000004
"Annecy, Auvergne-Rhône-Alpes, France","Lyon, Auvergne-Rhône-Alpes, France",11,101.35432281339767,1.5,1.696969696969697,2.3333333333333335,10.681818181818182
"Amiens, Hauts-de-France, France","Paris, Île-de-France, France",11,116.1651718632544,1.6666666666666667,2.734848484848485,5.166666666666667,11.118181818181817
"Toulouse, Occitanie, France","Béziers, Occitanie, France",11,145.7908262790649,1.8333333333333333,2.9696969696969693,10.0,14.863636363636363
"Compiègne, Hauts-de-France, France","Reims, Grand-Est, France",11,87.93625389319439,1.8666666666666667,3.4545454545454546,5.15,39.24545454545454
"Sens, Bourgogne-Franche-Comté, France","Dijon, Bourgogne-Franche-Comté, France",11,163.5243841246868,2.0,3.4575757575757575,7.683333333333334,31.363636363636363
"La Roche-sur-Yon, Pays de la Loire, France","Niort, Nouvelle-Aquitaine, France",11,83.28074685942713,1.0,3.553030303030303,11.833333333333334,16.945454545454545
"Compiègne, Hauts-de-France, France","Dunkerque, Hauts-de-France, France",11,183.40937396932333,3.066666666666667,3.966666666666667,6.266666666666667,40.37272727272727
"Charleroi, Wallonie, Belgique","Rouen, Normandie, France",11,261.816802470239,3.6666666666666665,4.598484848484848,8.75,25.045454545454547
"Narbonne, Occitanie, France","Pau, Nouvelle-Aquitaine, France",11,273.2942641900711,3.3333333333333335,4.803030303030304,6.4,45.54545454545455
"Paris, Île-de-France, France","Saint-Dizier, Grand-Est, France",11,191.7084141666189,1.9666666666666666,5.707575757575757,15.733333333333333,41.96363636363637
"Aurillac, Auvergne-Rhône-Alpes, France","Clermont-Ferrand, Auvergne-Rhône-Alpes, France",11,107.10827687491363,2.1666666666666665,5.722727272727273,23.233333333333334,21.054545454545455
"Caen, Normandie, France","Alençon, Normandie, France",11,88.75691493754664,1.1666666666666667,6.206060606060606,21.333333333333332,12.763636363636364
"Massy, Île-de-France, France","Colmar, Grand-Est, France",11,381.9999250188009,5.5,6.378787878787879,8.333333333333334,33.40909090909091
"Rouen, Normandie, France","Vichy, Auvergne-Rhône-Alpes, France",11,407.7836913141432,5.666666666666667,7.712121212121213,15.116666666666667,52.054545454545455
"Besançon, Bourgogne-Franche-Comté, France","Genève, Genève, Schweiz",11,114.83688694786294,2.3333333333333335,7.912121212121212,23.666666666666668,22.763636363636365
"Dole Choisey, Bourgogne-Franche-Comté, France","Strasbourg, Grand-Est, France",11,240.534881553203,3.0,8.568181818181818,19.916666666666668,37.36363636363637
"Beauvais Aéroport Paris, Hauts-de-France, France","Châteauroux, Centre-Val de Loire, France",11,296.61870276095044,4.483333333333333,9.137878787878789,27.083333333333332,43.627272727272725
"Bordeaux, Nouvelle-Aquitaine, France","Grenoble, Auvergne-Rhône-Alpes, France",11,496.5682423539685,6.666666666666667,9.995454545454546,17.666666666666668,89.41818181818181
"Cannes, Provence-Alpes-Côte d'Azur, France","Grenoble, Auvergne-Rhône-Alpes, France",11,209.29169311299395,5.0,10.621212121212121,23.166666666666668,35.56363636363636
"Münster, Nordrhein-Westfalen, Deutschland","Darmstadt, Hessen, Deutschland",11,243.01776047207875,4.666666666666667,11.007575757575758,21.416666666666668,22.89090909090909
"Lyon, Auvergne-Rhône-Alpes, France","Angers, Pays-de-la-Loire, France",11,454.11431134585035,6.0,12.0,32.25,37.47272727272727
"Bordeaux, Nouvelle-Aquitaine, France","Millau, Occitanie, France",11,300.98917481119975,5.0,13.383333333333333,34.0,44.79090909090909
"Lyon, Auvergne-Rhône-Alpes, France","London, England, United Kingdom",11,735.0373952297695,4.833333333333333,13.72121212121212,18.583333333333332,75.64545454545454
"Nancy, Grand-Est, France","Nice, Provence-Alpes-Côte d'Azur, France",11,560.3221175755948,8.833333333333334,13.913636363636364,19.166666666666668,49.654545454545456
"Arras, Hauts-de-France, France","Le Touquet-Paris-Plage, Hauts-de-France, France",11,88.6364638039987,1.8333333333333333,14.15151515151515,31.0,22.79090909090909
"Orléans, Centre-Val de Loire, France","Saint-Nazaire, Pays de la Loire, France",11,316.3059894251398,3.683333333333333,16.80757575757576,35.55,47.309090909090905
"Nantes, Pays-de-la-Loire, France","Nice, Provence-Alpes-Côte d'Azur, France",11,788.3877782862997,10.166666666666666,18.828787878787878,31.583333333333332,85.25454545454545
"Vannes, Bretagne, France","Nîmes, Occitanie, France",11,696.4680149469173,8.216666666666667,22.18939393939394,40.5,78.50909090909092
"London, England, United Kingdom","Marseille, Provence-Alpes-Côte d'Azur, France",11,1001.6859617044128,9.85,22.981818181818184,32.0,75.45454545454545
"Firminy, Auvergne-Rhône-Alpes, France","Aix-les-Bains, Auvergne-Rhône-Alpes, France",10,130.61715113983678,1.5,1.95,2.6666666666666665,11.7
"Angoulême, Nouvelle-Aquitaine, France","Royan, Nouvelle-Aquitaine, France",10,88.68527412239948,1.65,2.6533333333333333,3.5833333333333335,20.740000000000002
"Lyon, Auvergne-Rhône-Alpes, France","Besançon, Bourgogne-Franche-Comté, France",10,187.42340063100332,2.5,2.7666666666666666,3.1666666666666665,19.1
"Avignon, Provence-Alpes-Côte d'Azur, France","Béziers, Occitanie, France",10,144.80306230015609,1.6666666666666667,2.996666666666667,7.166666666666667,19.2
"Montélimar, Auvergne-Rhône-Alpes, France","Grenoble, Auvergne-Rhône-Alpes, France",10,109.22914087661547,1.6666666666666667,3.2416666666666663,8.166666666666666,13.6
"Pisa, Toscana, Italia","Milano, Lombardia, Italia",10,216.35568616363076,3.0,3.3333333333333335,3.6666666666666665,19.6
"Grenoble, Auvergne-Rhône-Alpes, France","Bourgoin-Jallieu, Auvergne-Rhône-Alpes, France",10,56.17181085866509,0.8333333333333334,3.5,5.416666666666667,17.080000000000002
"Angers, Pays-de-la-Loire, France","Tours, Centre-Val de Loire, France",10,95.76233361680316,1.1666666666666667,3.5483333333333333,15.333333333333334,10.84
"Les Fontinettes, Hauts-de-France, France","Paris, Île-de-France, France",10,235.51781805806039,2.283333333333333,3.663333333333333,4.716666666666667,37.94
"Bordeaux, Nouvelle-Aquitaine, France","Dax, Nouvelle-Aquitaine, France",10,129.45901753264437,2.0,3.871666666666667,10.85,21.0
"Ambérieu-en-Bugey, Auvergne-Rhône-Alpes, France","Paris Aéroport Orly, Île-de-France, France",10,381.52708398120706,4.166666666666667,4.983333333333333,5.666666666666667,33.65
"Saint-Etienne-du-Rouvray, Normandie, France","Châlons-en-Champagne, Grand-Est, France",10,238.98298805224718,4.466666666666667,4.99,5.466666666666667,44.42
"Roissy-en-France, Île-de-France, France","Lyon, Auvergne-Rhône-Alpes, France",10,400.325555216557,4.833333333333333,5.15,5.666666666666667,35.05
"Tourcoing, Hauts-de-France, France","Rouen, Normandie, France",10,204.82834824112769,2.8333333333333335,5.161666666666667,8.0,27.330000000000002
"Nancy, Grand-Est, France","Amiens, Hauts-de-France, France",10,310.6519828573041,4.133333333333334,5.416666666666667,11.016666666666667,73.06
"Lyon, Auvergne-Rhône-Alpes, France","Aix-les-Bains, Auvergne-Rhône-Alpes, France",10,83.73443613413744,1.0,5.75,23.333333333333332,13.7
"Épinal, Grand-Est, France","Paris, Île-de-France, France",10,310.2351932142618,3.8333333333333335,6.25,16.333333333333332,27.7
"Marseille, Provence-Alpes-Côte d'Azur, France","Alès, Occitanie, France",10,138.5866640499044,2.45,6.335,20.133333333333333,28.0
"Amsterdam, Noord-Holland, Nederland","Amiens, Hauts-de-France, France",10,328.8799594943514,6.083333333333333,7.116666666666667,8.766666666666667,132.97
"Metz, Grand-Est, France","Frankfurt, Hessen, Deutschland",10,211.61282457079787,3.0,7.1833333333333345,14.333333333333334,43.21
"Mont-de-Marsan, Nouvelle-Aquitaine, France","Montpellier, Occitanie, France",10,356.61849730355664,5.333333333333333,7.558333333333333,11.966666666666667,71.07
"Toulouse, Occitanie, France","Lyon, Auvergne-Rhône-Alpes, France",10,358.7347931623509,5.333333333333333,7.8,20.833333333333332,40.43
"Orléans, Centre-Val de Loire, France","Metzeral, Grand-Est, France",10,384.8384390816277,5.166666666666667,7.845000000000001,12.0,103.72999999999999
"Châlons-en-Champagne, Grand-Est, France","Paris, Île-de-France, France",10,146.38225105835866,2.3333333333333335,8.025,27.75,18.11
"Nice, Provence-Alpes-Côte d'Azur, France","Bourg-en-Bresse, Auvergne-Rhône-Alpes, France",10,322.69219771030686,5.816666666666666,8.4,12.0,62.39
"Lausanne, Vaud, Schweiz","Bruxelles, Bruxelles-Capitale, Belgique",10,508.61707027937274,5.666666666666667,8.841666666666667,14.75,50.07
"Rennes, Bretagne, France","Brive-la-Gaillarde, Nouvelle-Aquitaine, France",10,405.5750068004169,7.266666666666667,8.861666666666668,12.066666666666666,101.11
"Vannes, Bretagne, France","Bordeaux, Nouvelle-Aquitaine, France",10,356.5872967373843,5.0,9.546666666666667,17.416666666666668,39.45
"Paris, Île-de-France, France","Lons-le-Saunier, Bourgogne-Franche-Comté, France",10,340.1264087655105,4.116666666666666,9.695,19.1,45.6
"Béziers, Occitanie, France","Rouen, Normandie, France",10,698.1125227798216,6.533333333333333,10.076666666666666,23.583333333333332,91.34
"Roma, Lazio, Italia","Chieti, Abruzzo, Italia",10,146.13068185833788,2.5,10.323333333333334,14.733333333333333,23.35
"Chantenay, Pays-de-la-Loire, France","Béziers, Occitanie, France",10,570.872169658101,7.5,11.578333333333333,20.766666666666666,67.53999999999999
"Villefranche-sur-Cher, Centre-Val de Loire, France","Bordeaux, Nouvelle-Aquitaine, France",10,327.88825650239545,3.1666666666666665,11.675,37.733333333333334,58.85
"Limoges, Nouvelle-Aquitaine, France","Le Mans, Pays-de-la-Loire, France",10,254.57229902603595,8.666666666666666,13.258333333333335,23.666666666666668,36.5
"Nîmes, Occitanie, France","Mons, Wallonie, Belgique",10,736.5613756248202,8.5,13.533333333333335,20.583333333333332,60.92999999999999
"Brive-la-Gaillarde, Nouvelle-Aquitaine, France","Biarritz, Nouvelle-Aquitaine, France",10,304.48290833804845,7.666666666666667,13.559999999999999,23.5,44.76
"Béthune, Hauts-de-France, France","Arras, Hauts-de-France, France",10,27.37841162174978,8.166666666666666,13.6,22.833333333333332,20.86
"Tours, Centre-Val de Loire, France","Strasbourg, Grand-Est, France",10,541.1396837246799,7.333333333333333,13.741666666666665,27.666666666666668,29.48
"La Rochelle, Nouvelle-Aquitaine, France","Lannion, Bretagne, France",10,334.98502093615946,4.666666666666667,14.225,41.666666666666664,55.23
"Châteauroux, Centre-Val de Loire, France","Lyon, Auvergne-Rhône-Alpes, France",10,267.6005377277073,4.166666666666667,15.783333333333335,32.333333333333336,31.130000000000003
"Bourges, Centre-Val de Loire, France","Amsterdam, Noord-Holland, Nederland",10,615.6057161624481,12.166666666666666,15.791666666666666,27.25,35.54
"Saint-Malo, Bretagne, France","Toulouse, Occitanie, France",10,620.6349395505295,8.0,16.325,27.95,97.2
"Vannes, Bretagne, France","Caen, Normandie, France",10,244.3898602219267,4.233333333333333,17.121666666666666,32.166666666666664,32.61
"Cahors, Occitanie, France","Nantes, Pays-de-la-Loire, France",10,386.2539157342441,8.316666666666666,17.976666666666667,28.983333333333334,65.39
"Montpellier, Occitanie, France","Nantes, Pays-de-la-Loire, France",10,586.5765835727489,12.583333333333334,19.158333333333335,28.416666666666668,39.62
"Nice, Provence-Alpes-Côte d'Azur, France","Colmar, Grand-Est, France",10,490.97254212693906,8.983333333333333,19.544999999999998,28.583333333333332,89.42
"Toulouse, Occitanie, France","London, England, United Kingdom",10,885.6918598791543,10.233333333333333,19.701666666666664,33.35,86.53
"Châteauroux, Centre-Val de Loire, France","Marseille, Provence-Alpes-Côte d'Azur, France",10,485.43792569296147,8.166666666666666,21.053333333333335,34.75,57.5
"Chambéry, Auvergne-Rhône-Alpes, France","La Rochelle, Nouvelle-Aquitaine, France",10,550.6945444552798,6.866666666666666,21.283333333333335,35.833333333333336,110.77000000000001
"Paris, Île-de-France, France","Valencia, Comunitat Valenciana, España",10,1063.9386216269652,15.166666666666666,21.80833333333333,25.0,106.78
"Nantes, Pays-de-la-Loire, France","Angers, Pays-de-la-Loire, France",9,76.51911199227176,0.8333333333333334,1.0185185185185184,1.1666666666666667,7.5
"Honfleur, Normandie, France","Paris, Île-de-France, France",9,166.51216387925402,2.0,2.796296296296296,4.833333333333333,14.5
"Loriol, Auvergne-Rhône-Alpes, France","Marseille, Provence-Alpes-Côte d'Azur, France",9,168.0221351757913,2.3333333333333335,3.012962962962963,3.4833333333333334,33.22222222222222
"Dinan, Bretagne, France","Paris, Île-de-France, France",9,326.4916397213162,2.75,4.5018518518518515,6.616666666666666,64.93333333333334
"Brive-la-Gaillarde, Nouvelle-Aquitaine, France","Toulouse, Occitanie, France",9,170.42876231104745,1.8333333333333333,4.6759259259259265,14.5,18.244444444444444
"Aix-en-provence, Provence-Alpes-Côte d'Azur, France","Genève, Genève, Schweiz",9,303.67057479781556,4.0,5.111111111111111,7.833333333333333,32.27777777777778
"Bielefeld, Nordrhein-Westfalen, Deutschland","Hamburg, Hamburg, Deutschland",9,195.5739640097512,3.0,5.4259259259259265,6.916666666666667,14.644444444444446
"Annemasse, Auvergne-Rhône-Alpes, France","Paris, Île-de-France, France",9,414.40620759775277,5.166666666666667,5.7592592592592595,7.0,42.72222222222222
"Laon, Hauts-de-France, France","Amsterdam, Noord-Holland, Nederland",9,325.2553719759935,5.066666666666666,6.07962962962963,8.866666666666667,137.72222222222223
"Bordeaux, Nouvelle-Aquitaine, France","Montmoreau, Nouvelle-Aquitaine, France",9,84.0556796407189,1.0833333333333333,7.024074074074075,15.466666666666667,20.744444444444444
"Valence, Auvergne-Rhône-Alpes, France","Nancy, Grand-Est, France",9,424.82052454050023,5.35,7.279629629629629,11.0,49.455555555555556
"Nantes, Pays-de-la-Loire, France","Toulouse, Occitanie, France",9,466.0058414349545,5.833333333333333,7.524074074074075,11.583333333333334,50.12222222222223
"Marseille, Provence-Alpes-Côte d'Azur, France","Fréjus, Provence-Alpes-Côte d'Azur, France",9,111.62847831986801,1.5,7.694444444444445,33.666666666666664,18.22222222222222
"Metz, Grand-Est, France","Paris, Île-de-France, France",9,281.0847431126966,3.3333333333333335,8.777777777777779,16.166666666666668,22.977777777777778
"Paris Aéroport Orly, Île-de-France, France","Nantes, Pays-de-la-Loire, France",9,335.49404795514386,3.8333333333333335,9.24074074074074,29.916666666666668,27.1
"Toulouse, Occitanie, France","Menton, Provence-Alpes-Côte d'Azur, France",9,485.9855174474211,5.5,9.27962962962963,27.8,45.56666666666667
"Dijon, Bourgogne-Franche-Comté, France","Chartres, Centre-Val de Loire, France",9,292.46183205099226,3.7333333333333334,9.607407407407408,36.333333333333336,47.37777777777777
"Paris, Île-de-France, France","Agen, Nouvelle-Aquitaine, France",9,537.4864159718541,7.0,10.066666666666666,12.75,36.87777777777777
"Fréjus, Provence-Alpes-Côte d'Azur, France","Paris, Île-de-France, France",9,689.8672760581862,9.166666666666666,10.11111111111111,13.666666666666666,68.33333333333333
"Clermont-Ferrand, Auvergne-Rhône-Alpes, France","Mons, Wallonie, Belgique",9,524.8332817675966,6.833333333333333,10.324074074074074,15.083333333333334,42.41111111111111
"Marseille, Provence-Alpes-Côte d'Azur, France","Barcelona, Cataluña, España",9,337.87520430008544,7.666666666666667,11.537037037037036,28.75,32.8
"Nice, Provence-Alpes-Côte d'Azur, France","Montluçon, Auvergne-Rhône-Alpes, France",9,468.1514778002347,9.933333333333334,11.651851851851852,13.933333333333334,115.12222222222223
"Nantes, Pays-de-la-Loire, France","Troyes, Grand-Est, France",9,436.67903992953615,7.916666666666667,12.166666666666666,21.0,21.322222222222223
"Brest, Bretagne, France","Liège, Wallonie, Belgique",9,765.9870672325103,7.683333333333334,12.309259259259258,20.166666666666668,83.37777777777778
"Toulouse, Occitanie, France","Tours, Centre-Val de Loire, France",9,423.27764590292827,5.833333333333333,12.59074074074074,28.516666666666666,57.27777777777778
"Périgueux, Nouvelle-Aquitaine, France","Luxembourg, Canton Luxembourg, Luxembourg",9,643.078422271619,8.0,14.872222222222222,38.333333333333336,102.16666666666667
"Luxembourg, Canton Luxembourg, Luxembourg","Périgueux, Nouvelle-Aquitaine, France",9,643.078422271619,8.283333333333333,15.194444444444445,26.75,115.64444444444445
"Saint-Étienne, Auvergne-Rhône-Alpes, France","Charleville-Mézières, Grand-Est, France",9,481.57018733812873,6.433333333333334,15.5,27.166666666666668,76.84444444444445
"Bayonne, Nouvelle-Aquitaine, France","Quimper, Bretagne, France",9,540.168114718164,8.35,16.677777777777777,27.55,104.41111111111111
"Périgueux, Nouvelle-Aquitaine, France","Cholet, Pays-de-la-Loire, France",9,245.77984566761526,7.666666666666667,17.80925925925926,29.5,48.91111111111111
"Nice, Provence-Alpes-Côte d'Azur, France","Milano, Lombardia, Italia",9,254.05501287686016,3.6666666666666665,18.687037037037037,30.916666666666668,101.14444444444445
"Nantes, Pays-de-la-Loire, France","Lyon, Auvergne-Rhône-Alpes, France",9,513.5543902788876,7.0,19.12037037037037,35.5,38.91111111111111
"Marseille, Provence-Alpes-Côte d'Azur, France","Charleville-Mézières, Grand-Est, France",9,721.2713372919936,12.9,21.783333333333335,29.716666666666665,106.61111111111111
"Toulon, Provence-Alpes-Côte d'Azur, France","Nantes, Pays-de-la-Loire, France",9,741.7304632688665,8.15,22.6,33.166666666666664,97.66666666666667
"Frankfurt, Hessen, Deutschland","Marseille, Provence-Alpes-Côte d'Azur, France",9,798.5087528354148,17.166666666666668,26.907407407407405,50.583333333333336,47.58888888888889
"Copenhagen, Region Hovedstaden, Danmark","Paris, Île-de-France, France",9,1026.6739432316824,12.666666666666666,31.27777777777778,41.5,74.51111111111112
"Rennes, Bretagne, France","Saint-Brieuc, Bretagne, France",8,95.0880812665285,1.1666666666666667,1.1875,1.3333333333333333,7.3125
"Auray, Bretagne, France","Saint-Malo, Bretagne, France",8,130.02799723462942,2.4833333333333334,2.8791666666666664,4.183333333333334,34.0
"Paris, Île-de-France, France","Forbach, Grand-Est, France",8,333.6728747160795,2.7666666666666666,2.9416666666666664,4.166666666666667,73.7375
"Montpellier, Occitanie, France","Albi, Occitanie, France",8,146.68488901522267,2.5,3.1458333333333335,4.166666666666667,16.1875
"Paris, Île-de-France, France","Dunkerque, Hauts-de-France, France",8,244.58710799690755,2.8333333333333335,3.354166666666667,3.5,36.875
"London, England, United Kingdom","Lille, Hauts-de-France, France",8,243.8018242864105,3.3333333333333335,3.979166666666667,4.666666666666667,29.9375
"Bordeaux, Nouvelle-Aquitaine, France","Angoulins-sur-Mer, Nouvelle-Aquitaine, France",8,147.85035360794654,2.0,4.408333333333333,11.55,20.7
"Castres, Occitanie, France","Narbonne, Occitanie, France",8,76.17962301986385,2.933333333333333,4.735416666666667,10.266666666666667,37.325
"Aix-en-provence, Provence-Alpes-Côte d'Azur, France","Annemasse, Auvergne-Rhône-Alpes, France",8,304.0164569506326,4.666666666666667,4.958333333333334,5.666666666666667,34.875
"Compiègne, Hauts-de-France, France","Vannes, Bretagne, France",8,454.46191039449417,4.466666666666667,5.233333333333333,6.516666666666667,110.65
"Clermont-Ferrand, Auvergne-Rhône-Alpes, France","Brive-la-Gaillarde, Nouvelle-Aquitaine, France",8,142.80538950907808,2.0,5.75,16.416666666666668,18.6625
"Tours, Centre-Val de Loire, France","Vienne, Auvergne-Rhône-Alpes, France",8,380.5369915615376,4.1,5.75625,9.183333333333334,54.375
"Soissons, Hauts-de-France, France","Troyes, Grand-Est, France",8,128.5275852951067,3.6,5.904166666666667,11.216666666666667,33.4125
"Chambéry, Auvergne-Rhône-Alpes, France","Béziers, Occitanie, France",8,327.95400723441327,4.1,5.954166666666667,14.966666666666667,66.15
"Dole Choisey, Bourgogne-Franche-Comté, France","Mulhouse, Grand-Est, France",8,161.27102253742063,3.0,5.972916666666666,19.2,28.375
"Forbach, Grand-Est, France","Paris, Île-de-France, France",8,333.6728747160795,2.783333333333333,6.329166666666667,12.283333333333333,75.0375
"Paris, Île-de-France, France","Gannes, Hauts-de-France, France",8,80.75248400073353,1.2333333333333334,6.4625,18.15,14.424999999999999
"Nantes, Pays-de-la-Loire, France","Lille, Hauts-de-France, France",8,504.61530848421984,6.166666666666667,6.9375,7.666666666666667,54.4875
"Valence, Auvergne-Rhône-Alpes, France","Fréjus, Provence-Alpes-Côte d'Azur, France",8,221.6744930537253,3.0,7.372916666666667,14.416666666666666,42.8375
"Valence, Auvergne-Rhône-Alpes, France","Hénin-Beaumont, Hauts-de-France, France",8,627.468828957435,4.533333333333333,7.4,12.733333333333333,114.8875
"Lille, Hauts-de-France, France","Valence, Auvergne-Rhône-Alpes, France",8,649.4014389783136,4.183333333333334,7.597916666666666,12.75,86.4625
"Grenoble, Auvergne-Rhône-Alpes, France","Nice, Provence-Alpes-Côte d'Azur, France",8,206.45359611440264,5.166666666666667,7.641666666666667,10.166666666666666,41.474999999999994
"Brive-la-Gaillarde, Nouvelle-Aquitaine, France","Orléans, Centre-Val de Loire, France",8,308.73288541134093,3.3333333333333335,7.84375,11.916666666666666,21.3625
"Aix-en-provence, Provence-Alpes-Côte d'Azur, France","Thionville, Grand-Est, France",8,650.7315687200178,7.433333333333334,8.458333333333334,10.7,112.3125
"Marseille, Provence-Alpes-Côte d'Azur, France","Agen, Nouvelle-Aquitaine, France",8,394.68743348218044,6.483333333333333,8.697916666666666,12.5,46.3875
"Marseille, Provence-Alpes-Côte d'Azur, France","Calais, Hauts-de-France, France",8,891.9073892395454,6.0,8.858333333333334,17.5,120.125
"La Rochelle, Nouvelle-Aquitaine, France","Lille, Hauts-de-France, France",8,588.0222671605756,6.5,9.48125,14.416666666666666,54.7
"Vierzon, Centre-Val de Loire, France","Bordeaux, Nouvelle-Aquitaine, France",8,334.5066524310234,4.366666666666666,9.875,24.666666666666668,56.125
"Le Creusot - Montceau TGV (à 10km du centre-ville), Bourgogne-Franche-Comté, France","Nice, Provence-Alpes-Côte d'Azur, France",8,404.8201787498819,5.3,10.002083333333333,25.233333333333334,103.875
"Brive-la-Gaillarde, Nouvelle-Aquitaine, France","Genève, Genève, Schweiz",8,381.0858663433514,8.583333333333334,10.03125,11.916666666666666,35.9625
"Liège, Wallonie, Belgique","Avignon, Provence-Alpes-Côte d'Azur, France",8,745.0777720362412,7.833333333333333,10.1875,14.666666666666666,69.8125
"Besançon, Bourgogne-Franche-Comté, France","Toulon, Provence-Alpes-Côte d'Azur, France",8,457.0737325594029,6.8,11.210416666666667,18.833333333333332,55.85
"Douai, Hauts-de-France, France","Bordeaux, Nouvelle-Aquitaine, France",8,673.2133491936694,8.333333333333334,11.291666666666666,24.333333333333332,53.1125
"Marseille, Provence-Alpes-Côte d'Azur, France","Angoulême, Nouvelle-Aquitaine, France",8,490.69196306295817,7.416666666666667,11.58125,19.75,74.6
"Biarritz, Nouvelle-Aquitaine, France","Paris, Île-de-France, France",8,668.0111622606313,8.0,11.885416666666666,18.0,32.225
"Bordeaux, Nouvelle-Aquitaine, France","Rouen, Normandie, France",8,527.938514793162,7.0,12.160416666666666,28.1,82.4
"Darmstadt, Hessen, Deutschland","Paris, Île-de-France, France",8,470.04179658265224,5.833333333333333,12.364583333333334,25.25,34.1625
"Bruxelles, Bruxelles-Capitale, Belgique","Salzburg, Salzburg, Österreich",8,715.4791123608619,7.0,12.729166666666668,18.583333333333332,51.375
"Reims, Grand-Est, France","Aurillac, Auvergne-Rhône-Alpes, France",8,491.7614672940891,8.216666666666667,13.035416666666666,23.416666666666668,115.225
"Tourcoing, Hauts-de-France, France","Lyon, Auvergne-Rhône-Alpes, France",8,565.3420475168576,7.166666666666667,13.15625,34.75,37.4875
"San Sebastian, Euskadi, España","Poitiers, Nouvelle-Aquitaine, France",8,406.12371622452827,5.0,13.708333333333332,26.583333333333332,33.15
"Bruxelles, Bruxelles-Capitale, Belgique","Rennes, Bretagne, France",8,530.3515579835506,5.666666666666667,13.854166666666666,29.25,46.175
"Biarritz, Nouvelle-Aquitaine, France","Sète, Occitanie, France",8,424.59290801973617,6.0,13.88125,26.7,72.275
"Paris, Île-de-France, France","Lorient, Bretagne, France",8,437.4673630387667,3.75,14.510416666666666,25.75,43.4375
"Montpellier, Occitanie, France","Bruxelles, Bruxelles-Capitale, Belgique",8,804.6062750160434,7.833333333333333,14.708333333333332,18.25,57.3375
"Toulouse, Occitanie, France","Toulon, Provence-Alpes-Côte d'Azur, France",8,365.95938778823876,5.0,16.366666666666667,28.583333333333332,38.2625
"Paris, Île-de-France, France","Mont Saint-Michel, Normandie, France",8,284.37085269403804,4.0,16.395833333333332,24.833333333333332,22.9875
"Mâcon, Bourgogne-Franche-Comté, France","Bruxelles, Bruxelles-Capitale, Belgique",8,505.19948902265287,7.5,16.614583333333332,39.416666666666664,50.7625
"Marseille, Provence-Alpes-Côte d'Azur, France","Lille, Hauts-de-France, France",8,834.6495561903025,9.833333333333334,16.739583333333332,32.916666666666664,49.3875
"Poitiers, Nouvelle-Aquitaine, France","Chamonix, Auvergne-Rhône-Alpes, France",8,507.51869618108935,15.666666666666666,20.020833333333336,24.166666666666668,49.0
"Orléans, Centre-Val de Loire, France","Nîmes, Occitanie, France",8,490.78546588017394,7.666666666666667,23.84375,42.833333333333336,62.9375
"Lyon, Auvergne-Rhône-Alpes, France","Châteauroux, Centre-Val de Loire, France",8,267.6005377277073,19.083333333333332,24.135416666666668,34.25,30.15
"Lyon, Auvergne-Rhône-Alpes, France","Manchester, England, United Kingdom",8,996.9135589712428,19.666666666666668,24.4375,34.75,104.575
"London, England, United Kingdom","Toulon, Provence-Alpes-Côte d'Azur, France",8,1036.8117206192655,22.083333333333332,24.941666666666666,33.083333333333336,66.125
"Rouen, Normandie, France","Paris Aéroport Orly, Île-de-France, France",7,122.12696942719904,1.5,2.047619047619048,3.1666666666666665,11.714285714285714
"Avignon, Provence-Alpes-Côte d'Azur, France","Montpellier, Occitanie, France",7,80.95761337213328,1.1666666666666667,2.0595238095238098,5.416666666666667,9.642857142857142
"Périgueux, Nouvelle-Aquitaine, France","Bordeaux, Nouvelle-Aquitaine, France",7,105.8152735392571,1.5,2.0833333333333335,4.916666666666667,12.142857142857142
"Troyes, Grand-Est, France","Paris Aéroport Orly, Île-de-France, France",7,133.8726723946717,1.6666666666666667,2.0952380952380953,3.5,13.5
"Béziers, Occitanie, France","Toulouse, Occitanie, France",7,145.7908262790649,1.8333333333333333,4.035714285714286,16.25,13.571428571428571
"Chasseneuil-sur-Bonnieure, Nouvelle-Aquitaine, France","Bordeaux, Nouvelle-Aquitaine, France",7,136.34273605403118,1.9833333333333334,4.257142857142857,14.033333333333333,26.728571428571428
"Narbonne, Occitanie, France","Castres, Occitanie, France",7,76.17962301986385,2.8833333333333333,4.535714285714286,10.216666666666667,40.2
"Saint-Maixent-l'École, Nouvelle-Aquitaine, France","Paris, Île-de-France, France",7,332.08860956835065,4.166666666666667,4.785714285714286,5.833333333333333,30.428571428571427
"Pau, Nouvelle-Aquitaine, France","Narbonne, Occitanie, France",7,273.2942641900711,3.95,4.833333333333334,6.083333333333333,41.199999999999996
"Bordeaux, Nouvelle-Aquitaine, France","Montluçon, Auvergne-Rhône-Alpes, France",7,298.11095349391076,4.0,5.095238095238095,7.0,26.0
"Brive-la-Gaillarde, Nouvelle-Aquitaine, France","Lyon, Auvergne-Rhône-Alpes, France",7,270.39166866326934,4.0,5.273809523809525,7.416666666666667,27.32857142857143
"Paris, Île-de-France, France","Bern, Berne, Schweiz",7,434.32190529662563,4.666666666666667,5.642857142857143,7.166666666666667,38.07142857142857
"Bordeaux, Nouvelle-Aquitaine, France","Castres, Occitanie, France",7,263.5282220954376,3.8333333333333335,5.683333333333333,12.833333333333334,37.24285714285714
"Clermont-Ferrand, Auvergne-Rhône-Alpes, France","Dijon, Bourgogne-Franche-Comté, France",7,227.94680141443797,3.8333333333333335,6.021428571428571,8.25,26.900000000000002
"Auray, Bretagne, France","Reims, Grand-Est, France",7,543.1231318559743,5.066666666666666,6.219047619047619,7.45,106.5
"Vichy, Auvergne-Rhône-Alpes, France","Bayonne, Nouvelle-Aquitaine, France",7,485.1667955199127,6.0,6.428571428571429,6.833333333333333,42.857142857142854
"Castres, Occitanie, France","Bordeaux, Nouvelle-Aquitaine, France",7,263.5282220954376,3.5,6.816666666666667,17.216666666666665,28.157142857142862
"Dole Choisey, Bourgogne-Franche-Comté, France","Challans, Pays-de-la-Loire, France",7,555.8530369453449,6.166666666666667,7.0,8.166666666666666,51.0
"Rennes, Bretagne, France","Lille, Hauts-de-France, France",7,445.58130917720354,5.5,7.095238095238095,10.833333333333334,40.285714285714285
"Porto, Norte, Portugal","Lisboa, Área Metropolitana de Lisboa, Portugal",7,273.5827388265864,3.0,7.476190476190476,32.833333333333336,27.842857142857145
"Sète, Occitanie, France","Lens, Hauts-de-France, France",7,784.0465076425871,6.433333333333334,7.666666666666666,9.333333333333334,125.05714285714285
"Genève, Genève, Schweiz","Bordeaux, Nouvelle-Aquitaine, France",7,545.2748893372635,5.666666666666667,9.047619047619047,20.0,51.34285714285714
"London, England, United Kingdom","Le Havre, Normandie, France",7,224.453085882248,6.4,9.130952380952381,17.25,141.92857142857142
"Rennes, Bretagne, France","Lourdes, Occitanie, France",7,568.3200780331161,7.083333333333333,9.471428571428572,13.25,95.92857142857143
"Douai, Hauts-de-France, France","Nice, Provence-Alpes-Côte d'Azur, France",7,807.6074863452357,8.116666666666667,9.476190476190476,14.7,85.85714285714286
"Toulon, Provence-Alpes-Côte d'Azur, France","Grenoble, Auvergne-Rhône-Alpes, France",7,229.73285046779117,3.8333333333333335,9.833333333333332,15.083333333333334,22.985714285714288
"Lyon, Auvergne-Rhône-Alpes, France","Barcelona, Cataluña, España",7,531.9783343271092,6.333333333333333,10.392857142857142,30.916666666666668,46.642857142857146
"Auxerre, Bourgogne-Franche-Comté, France","Saarbrücken, Saarland, Deutschland",7,298.17576025211036,5.166666666666667,10.528571428571428,20.25,68.75714285714285
"Périgueux, Nouvelle-Aquitaine, France","Lyon, Auvergne-Rhône-Alpes, France",7,329.96720273399626,4.333333333333333,11.488095238095237,26.833333333333332,26.714285714285715
"Marseille, Provence-Alpes-Côte d'Azur, France","Chalon-sur-Saône, Bourgogne-Franche-Comté, France",7,389.82912359792766,4.666666666666667,11.511904761904761,21.833333333333332,21.685714285714287
"Bruxelles, Bruxelles-Capitale, Belgique","Cardiff, Wales, UK",7,528.5329355278918,10.066666666666666,11.842857142857143,16.166666666666668,59.417142857142856
"Saint-Dizier, Grand-Est, France","Lille, Hauts-de-France, France",7,260.0914805549411,6.5,12.54761904761905,22.75,21.957142857142856
"Aix-en-provence, Provence-Alpes-Côte d'Azur, France","Terrasson, Nouvelle-Aquitaine, France",7,375.207727419838,5.666666666666667,12.697619047619048,22.283333333333335,69.71428571428571
"Saint-Raphaël, Provence-Alpes-Côte d'Azur, France","Clermont-Ferrand, Auvergne-Rhône-Alpes, France",7,391.53457337025117,6.716666666666667,12.85,29.7,104.2
"Le Mans, Pays-de-la-Loire, France","Marseille, Provence-Alpes-Côte d'Azur, France",7,659.784986476421,6.566666666666666,12.985714285714286,16.0,51.028571428571425
"Le Puy-en-Velay, Auvergne-Rhône-Alpes, France","Lille, Hauts-de-France, France",7,625.05602238747,7.983333333333333,13.366666666666665,23.616666666666667,107.37142857142858
"Tours, Centre-Val de Loire, France","Rochefort, Nouvelle-Aquitaine, France",7,202.320458132089,6.1,13.68095238095238,24.416666666666668,34.74285714285714
"Laval, Pays-de-la-Loire, France","Nantes, Pays-de-la-Loire, France",7,108.28607386463817,2.0,13.761904761904763,30.75,16.257142857142856
"Calais, Hauts-de-France, France","Marseille, Provence-Alpes-Côte d'Azur, France",7,891.9073892395454,5.8,14.607142857142858,20.583333333333332,70.92857142857143
"Nice, Provence-Alpes-Côte d'Azur, France","Vannes, Bretagne, France",7,891.8892284165456,9.383333333333333,14.785714285714286,23.083333333333332,104.37142857142858
"Grenoble, Auvergne-Rhône-Alpes, France","Amsterdam, Noord-Holland, Nederland",7,803.3119540263743,9.75,15.88095238095238,21.833333333333332,144.28571428571428
"Manchester, England, United Kingdom","Paris, Île-de-France, France",7,606.2964354858699,15.75,17.035714285714285,18.333333333333332,36.308571428571426
"Les Sables-d'Olonne, Pays de la Loire, France","Bordeaux, Nouvelle-Aquitaine, France",7,207.6947033210152,3.1666666666666665,17.25,42.916666666666664,21.271428571428572
"Chalon-sur-Saône, Bourgogne-Franche-Comté, France","Liège, Wallonie, Belgique",7,431.4498403810931,5.166666666666667,18.204761904761906,51.0,93.12857142857142
"Dole Choisey, Bourgogne-Franche-Comté, France","Amsterdam, Noord-Holland, Nederland",7,593.7555522636547,7.333333333333333,19.083333333333336,36.5,41.01428571428572
"Toulon, Provence-Alpes-Côte d'Azur, France","Belfort, Bourgogne-Franche-Comté, France",7,506.9523115183038,11.75,19.13095238095238,35.75,38.48571428571428
"Charleville-Mézières, Grand-Est, France","Marseille, Provence-Alpes-Côte d'Azur, France",7,721.2713372919936,11.816666666666666,19.202380952380953,31.0,110.17142857142858
"Brive-la-Gaillarde, Nouvelle-Aquitaine, France","Cholet, Pays-de-la-Loire, France",7,280.29050646179314,10.833333333333334,20.535714285714285,29.583333333333332,41.857142857142854
"Besançon, Bourgogne-Franche-Comté, France","Cannes, Provence-Alpes-Côte d'Azur, France",7,417.5832725557498,14.916666666666666,20.892857142857142,28.166666666666668,36.87142857142857
"Arles, Provence-Alpes-Côte d'Azur, France","Les Sables-d'Olonne, Pays de la Loire, France",7,592.4895352143881,14.75,25.066666666666666,38.75,135.07142857142858
"Rotterdam, Zuid-Holland, Nederland","Nice, Provence-Alpes-Côte d'Azur, France",7,940.7162067301479,19.166666666666668,29.98809523809524,47.75,82.75714285714285
"Marseille, Provence-Alpes-Côte d'Azur, France","Praha, Praha, Česko",7,1021.612173396745,23.416666666666668,30.142857142857142,38.083333333333336,65.04285714285714
"Paris, Île-de-France, France","Madrid, Comunidad de Madrid, España",7,1052.0250378423016,19.0,30.23809523809524,41.25,64.14285714285714
"Liège, Wallonie, Belgique","Nice, Provence-Alpes-Côte d'Azur, France",7,784.4490000741835,23.0,31.523809523809526,37.0,88.24285714285715
"Champigny-sur-Marne, Île-de-France, France","Rouen, Normandie, France",6,124.32131605065607,1.5,1.888888888888889,2.3333333333333335,11.916666666666666
"Paris, Île-de-France, France","Compiègne, Hauts-de-France, France",6,72.4824550860674,1.0,1.9861111111111114,2.966666666666667,11.883333333333333
"Perpignan, Occitanie, France","Marseille Aéroport, Provence-Alpes-Côte d'Azur, France",6,206.77952240973622,1.3333333333333333,2.9444444444444446,3.5,25.083333333333332
"Lezignan-Corbières, Occitanie, France","Marseille, Provence-Alpes-Côte d'Azur, France",6,210.85916495696733,2.8333333333333335,3.527777777777778,4.833333333333333,19.916666666666668
"Marseille, Provence-Alpes-Côte d'Azur, France","Veynes, Provence-Alpes-Côte d'Azur, France",6,141.99535588182286,3.05,3.7694444444444444,6.0,35.1
"Poitiers, Nouvelle-Aquitaine, France","Chessy, Île-de-France, France",6,313.63784807469375,3.3333333333333335,3.8333333333333335,5.333333333333333,27.0
"Clermont-Ferrand, Auvergne-Rhône-Alpes, France","Montpellier, Occitanie, France",6,249.78290897935628,3.5,4.0,4.333333333333333,24.916666666666668
"Troyes, Grand-Est, France","Soissons, Hauts-de-France, France",6,128.5275852951067,2.5,4.080555555555556,4.416666666666667,35.333333333333336
"Barcelona, Cataluña, España","Perpignan, Occitanie, France",6,157.43283350108157,2.3333333333333335,4.138888888888889,12.333333333333334,18.566666666666666
"Marseille, Provence-Alpes-Côte d'Azur, France","Gap, Provence-Alpes-Côte d'Azur, France",6,163.66117559421514,3.1666666666666665,4.177777777777778,6.533333333333333,31.600000000000005
"Marseille, Provence-Alpes-Côte d'Azur, France","Castelnaudary, Occitanie, France",6,276.33929560482795,3.5,4.258333333333333,5.616666666666666,48.9
"Caen, Normandie, France","Saint-Malo, Bretagne, France",6,135.57922863081774,1.5,4.402777777777778,17.25,12.333333333333334
"Rouen, Normandie, France","Le Touquet-Paris-Plage, Hauts-de-France, France",6,125.39341096824181,1.5,4.847222222222222,10.0,13.15
"Ussel, Nouvelle-Aquitaine, France","La Souterraine, Nouvelle-Aquitaine, France",6,100.2637693720005,2.716666666666667,4.983333333333333,13.733333333333333,30.333333333333332
"Grenoble, Auvergne-Rhône-Alpes, France","Château-Thierry, Hauts-de-France, France",6,462.45951830431085,5.1,5.308333333333333,6.1,105.40000000000002
"Mulhouse, Grand-Est, France","Europa Park Rust, Baden-Württemberg, Deutschland",6,64.42983188532854,3.5,5.416666666666667,7.333333333333333,16.983333333333334
"Agen, Nouvelle-Aquitaine, France","Marseille Aéroport, Provence-Alpes-Côte d'Azur, France",6,379.0819947294705,5.0,5.833333333333333,8.0,38.333333333333336
"Paris, Île-de-France, France","Morez, Bourgogne-Franche-Comté, France",6,376.96779903710933,5.333333333333333,5.972222222222221,8.166666666666666,40.083333333333336
"Chanas, Auvergne-Rhône-Alpes, France","Chessy, Île-de-France, France",6,425.15431467560774,5.0,5.972222222222222,6.666666666666667,40.166666666666664
"Lisieux, Normandie, France","Rennes, Bretagne, France",6,182.19737833202012,3.9166666666666665,6.502777777777777,11.683333333333334,45.5
"Le Puy-en-Velay, Auvergne-Rhône-Alpes, France","Saint-Étienne, Auvergne-Rhône-Alpes, France",6,60.07437818650239,1.5,6.747222222222223,17.433333333333334,44.9
"Paris, Île-de-France, France","Biscarrosse, Nouvelle-Aquitaine, France",6,563.2602001678451,6.166666666666667,7.027777777777778,8.0,49.0
"Bordeaux, Nouvelle-Aquitaine, France","Brive-la-Gaillarde, Nouvelle-Aquitaine, France",6,165.407940111503,2.5,7.105555555555555,26.5,20.566666666666666
"Paris, Île-de-France, France","Francfort, Hessen, Deutschland",6,468.7851268227872,6.0,7.333333333333333,11.333333333333334,44.416666666666664
"Carcassonne, Occitanie, France","Toulon, Provence-Alpes-Côte d'Azur, France",6,290.2230620907113,4.0,7.583333333333333,21.5,24.5
"Louhans, Bourgogne-Franche-Comté, France","Nice, Provence-Alpes-Côte d'Azur, France",6,364.9451541346555,6.333333333333333,7.961111111111111,10.283333333333333,65.88333333333334
"Strasbourg, Grand-Est, France","Colmar, Grand-Est, France",6,62.32293550635397,1.0,8.127777777777778,21.983333333333334,10.799999999999999
"Bordeaux, Nouvelle-Aquitaine, France","Château-Thierry, Hauts-de-France, France",6,556.6334803889667,4.3,9.591666666666667,20.75,95.83333333333333
"La Roche-sur-Yon, Pays de la Loire, France","Rochefort, Nouvelle-Aquitaine, France",6,86.64602286572706,2.0,10.277777777777777,31.583333333333332,18.733333333333334
"Lyon, Auvergne-Rhône-Alpes, France","Pau, Nouvelle-Aquitaine, France",6,494.84514366202535,7.5,10.277777777777777,11.25,37.38333333333333
"Saint-Raphaël, Provence-Alpes-Côte d'Azur, France","Paris, Île-de-France, France",6,692.2820564236748,9.166666666666666,10.277777777777777,13.666666666666666,69.83333333333333
"Dax, Nouvelle-Aquitaine, France","Saint-Brieuc, Bretagne, France",6,551.1673135731485,6.416666666666667,11.358333333333334,18.916666666666668,105.78333333333335
"Saintes, Nouvelle-Aquitaine, France","Rouen, Normandie, France",6,430.55981421334883,5.0,11.597222222222221,26.916666666666668,51.28333333333333
"Toulouse, Occitanie, France","Mâcon, Bourgogne-Franche-Comté, France",6,399.9063568584923,7.5,11.75,16.333333333333332,46.6
"Lille, Hauts-de-France, France","Lons-le-Saunier, Bourgogne-Franche-Comté, France",6,477.05135282394974,9.833333333333334,11.888888888888891,14.5,29.71666666666667
"Toulon, Provence-Alpes-Côte d'Azur, France","Saint-Étienne, Auvergne-Rhône-Alpes, France",6,284.65200228163064,4.5,11.958333333333334,31.166666666666668,24.650000000000002
"Strasbourg, Grand-Est, France","Hamburg, Hamburg, Deutschland",6,575.0264018328182,11.0,12.75,13.416666666666666,31.95
"Kehl, Baden-Württemberg, Deutschland","Leipzig, Sachsen, Deutschland",6,447.625874573403,10.0,13.263888888888891,23.666666666666668,44.416666666666664
"Bruxelles, Bruxelles-Capitale, Belgique","Calais, Hauts-de-France, France",6,174.7502795516607,2.6666666666666665,13.736111111111109,22.5,34.416666666666664
"Rennes, Bretagne, France","Lyon, Auvergne-Rhône-Alpes, France",6,556.8052256515322,7.666666666666667,14.083333333333334,22.083333333333332,46.53333333333333
"Saint-Dié-des-Vosges, Grand-Est, France","Dijon, Bourgogne-Franche-Comté, France",6,178.6820144310045,2.8333333333333335,14.552777777777777,34.45,38.083333333333336
"Bruxelles, Bruxelles-Capitale, Belgique","Mâcon, Bourgogne-Franche-Comté, France",6,505.19948902265287,9.916666666666666,14.958333333333334,30.083333333333332,43.11666666666667
"Stuttgart, Baden-Württemberg, Deutschland","Lyon, Auvergne-Rhône-Alpes, France",6,468.5247300305127,12.25,15.555555555555555,25.75,34.449999999999996
"Grenoble, Auvergne-Rhône-Alpes, France","Bordeaux, Nouvelle-Aquitaine, France",6,496.5682423539685,7.166666666666667,15.569444444444443,36.416666666666664,63.6
"Tulle, Nouvelle-Aquitaine, France","Strasbourg, Grand-Est, France",6,584.5537877192999,14.416666666666666,15.680555555555555,17.25,55.050000000000004
"Montpellier, Occitanie, France","Cholet, Pays-de-la-Loire, France",6,536.8490216550123,8.0,15.875,31.416666666666668,49.31666666666666
"Le Touquet-Paris-Plage, Hauts-de-France, France","London, England, United Kingdom",6,161.84260436463595,11.083333333333334,16.01388888888889,21.166666666666668,45.349999999999994
"Angers, Pays-de-la-Loire, France","Annemasse, Auvergne-Rhône-Alpes, France",6,536.2400319209489,8.0,17.022222222222222,37.5,81.68333333333332
"Strasbourg, Grand-Est, France","Amiens, Hauts-de-France, France",6,421.52376788630283,12.083333333333334,17.305555555555557,26.5,33.86666666666667
"Verdun, Grand-Est, France","Saint-Malo, Bretagne, France",6,543.7141229844291,8.9,17.497222222222224,27.316666666666666,138.98333333333335
"Aix-en-provence, Provence-Alpes-Côte d'Azur, France","Valencia, Comunitat Valenciana, España",6,665.1023985845222,10.166666666666666,19.09722222222222,25.666666666666668,83.18333333333334
"Avignon, Provence-Alpes-Côte d'Azur, France","Torino, Piemonte, Italia",6,260.17698928589016,10.666666666666666,19.416666666666668,27.5,34.083333333333336
"Nantes, Pays-de-la-Loire, France","Utrecht, Utrecht, Nederland",6,718.4487305834988,13.25,19.416666666666668,34.916666666666664,47.949999999999996
"Marseille, Provence-Alpes-Côte d'Azur, France","Bilbao, Euskadi, España",6,672.0182717102708,9.666666666666666,19.541666666666668,24.75,65.55
"Cholet, Pays-de-la-Loire, France","Montpellier, Occitanie, France",6,536.8490216550123,8.0,21.22222222222222,30.083333333333332,48.15
"Toulon, Provence-Alpes-Côte d'Azur, France","Bordeaux, Nouvelle-Aquitaine, France",6,553.7429447596929,7.5,21.805555555555557,29.75,43.51666666666667
"Montauban, Occitanie, France","La Roche-sur-Yon, Pays de la Loire, France",6,369.17500453640076,15.916666666666666,23.569444444444443,29.416666666666668,51.06666666666666
"Canterbury, England, UK","Strasbourg, Grand-Est, France",6,564.2612346202824,18.083333333333332,25.305555555555557,32.833333333333336,41.29666666666667
"Nice, Provence-Alpes-Côte d'Azur, France","Bruxelles, Bruxelles-Capitale, Belgique",6,826.1525692183029,11.833333333333334,25.444444444444443,47.083333333333336,89.45
"Cluj-Napoca, Cluj, România","Berlin, Berlin, Deutschland",6,971.3576999386415,19.25,25.54722222222222,41.1,60.833333333333336
"Avignon, Provence-Alpes-Côte d'Azur, France","Brest, Bretagne, France",6,868.4662540795647,12.0,25.625,41.083333333333336,75.60000000000001
"Dijon, Bourgogne-Franche-Comté, France","Augsburg, Bayern, Deutschland",6,453.10592286169356,7.2,25.869444444444444,44.5,65.25
"Paris, Île-de-France, France","Albufeira e Olhos de Água, Algarve, Portugal",6,1562.8850896626623,18.166666666666668,26.111111111111114,33.0,122.73333333333333
"Tours, Centre-Val de Loire, France","Copenhagen, Region Hovedstaden, Danmark",6,1230.3897448299742,25.5,29.152777777777775,34.0,96.95
"Caen, Normandie, France","Barcelona, Cataluña, España",6,888.3940729979926,30.333333333333332,35.80555555555555,42.25,84.26666666666667
"Sheffield, England, UK","Nice, Provence-Alpes-Côte d'Azur, France",6,1253.2591584805566,29.833333333333332,36.19444444444444,51.75,136.31333333333333
"Nice, Provence-Alpes-Côte d'Azur, France","Brignoles, Provence-Alpes-Côte d'Azur, France",5,97.00715230227051,1.3333333333333333,1.7666666666666668,2.3333333333333335,9.9
"Karlsruhe, Baden-Württemberg, Deutschland","Strasbourg, Grand-Est, France",5,67.65717213452211,1.1666666666666667,1.7733333333333334,2.5833333333333335,42.2
"Nantes, Pays-de-la-Loire, France","Vitré, Bretagne, France",5,99.88064463287628,1.6666666666666667,1.9,2.0,10.6
"Clermont-Ferrand, Auvergne-Rhône-Alpes, France","Roanne, Auvergne-Rhône-Alpes, France",5,82.2979338475598,1.3333333333333333,2.2833333333333337,4.916666666666667,13.059999999999999
"Angoulême, Nouvelle-Aquitaine, France","Périgueux, Nouvelle-Aquitaine, France",5,70.77656277545762,1.9,2.5966666666666667,4.216666666666667,29.5
"Frankfurt, Hessen, Deutschland","Strasbourg, Grand-Est, France",5,183.61465191227828,2.3333333333333335,2.7666666666666666,3.1666666666666665,12.6
"Belfort, Bourgogne-Franche-Comté, France","Strasbourg, Grand-Est, France",5,123.16490225584256,1.8333333333333333,3.1,6.166666666666667,11.6
"Niort, Nouvelle-Aquitaine, France","Blois-Chambord, Centre-Val de Loire, France",5,197.6167847058101,2.45,3.4833333333333334,4.15,27.919999999999998
"Genève, Genève, Schweiz","Montpellier, Occitanie, France",5,338.5666658731404,3.8333333333333335,4.566666666666667,5.5,31.3
"Lille, Hauts-de-France, France","Aéroport Paris-Vatry (Bussy-Lettrée), Grand-Est, France",5,220.95724958025093,2.6666666666666665,4.7666666666666675,7.0,34.78
"Bordeaux, Nouvelle-Aquitaine, France","Rodez, Occitanie, France",5,254.86414855809792,3.8333333333333335,4.8966666666666665,6.2,34.58
"Marseille, Provence-Alpes-Côte d'Azur, France","Nîmes, Occitanie, France",5,101.12533736421572,3.8333333333333335,5.25,6.333333333333333,20.380000000000003
"Grenoble, Auvergne-Rhône-Alpes, France","Toulouse, Occitanie, France",5,381.8715007453811,4.766666666666667,5.26,5.666666666666667,54.46
"Tours, Centre-Val de Loire, France","Mons, Wallonie, Belgique",5,415.8780079652914,4.2,6.02,8.666666666666666,67.1
"Mulhouse, Grand-Est, France","Stuttgart, Baden-Württemberg, Deutschland",5,178.20366019821037,3.1666666666666665,6.483333333333334,8.583333333333334,15.4
"Sausset-les-Pins, Provence-Alpes-Côte d'Azur, France","Marseille, Provence-Alpes-Côte d'Azur, France",5,21.382078420368586,1.5666666666666667,6.813333333333333,14.466666666666667,10.2
"Zürich, Zürich, Schweiz","Strasbourg, Grand-Est, France",5,146.2355590745453,4.916666666666667,7.0,10.583333333333334,15.9
"Lillers, Hauts-de-France, France","Lussac-les-Châteaux, Nouvelle-Aquitaine, France",5,480.1595484195637,6.0,7.033333333333333,8.5,43.0
"Avignon, Provence-Alpes-Côte d'Azur, France","Montélimar, Auvergne-Rhône-Alpes, France",5,58.91748277231282,1.0166666666666666,7.513333333333333,19.833333333333332,15.64
"Thionville, Grand-Est, France","Strasbourg, Grand-Est, France",5,144.5785350243966,2.0,7.883333333333335,22.833333333333332,18.3
"Lens, Hauts-de-France, France","Sète, Occitanie, France",5,784.0465076425871,6.033333333333333,7.8933333333333335,9.033333333333333,121.2
"Lyon, Auvergne-Rhône-Alpes, France","Montargis, Centre-Val de Loire, France",5,297.1384970978781,3.8333333333333335,7.95,13.333333333333334,40.86
"Montpellier, Occitanie, France","Paris Aéroport Orly, Île-de-France, France",5,583.5124881328329,7.333333333333333,8.1,9.166666666666666,52.8
"Saint-Omer, Hauts-de-France, France","Nantes, Pays-de-la-Loire, France",5,477.62559454967266,5.65,8.123333333333333,11.75,136.94
"Auxerre, Bourgogne-Franche-Comté, France","Genève, Genève, Schweiz",5,262.54160964175344,3.8333333333333335,8.7,11.166666666666666,48.46
"Aix-en-provence, Provence-Alpes-Côte d'Azur, France","Metz, Grand-Est, France",5,623.8676621801103,6.833333333333333,8.860000000000001,11.833333333333334,95.58
"Évreux, Normandie, France","Bernay, Normandie, France",5,40.560259408589886,1.6833333333333333,8.863333333333333,18.616666666666667,13.74
"Vannes, Bretagne, France","Pessac, Nouvelle-Aquitaine, France",5,357.3579971517197,5.0,9.22,17.85,51.739999999999995
"Marseille, Provence-Alpes-Côte d'Azur, France","Montpellier, Occitanie, France",5,122.06801429663768,2.0,9.266666666666667,25.5,16.3
"Duesseldorf, Nordrhein-Westfalen, Deutschland","Paris, Île-de-France, France",5,411.8663727995504,8.0,9.433333333333334,11.0,37.1
"Fréjus, Provence-Alpes-Côte d'Azur, France","Sète, Occitanie, France",5,245.2613732014957,4.216666666666667,10.02,20.383333333333333,54.339999999999996
"Tarbes, Occitanie, France","Rouen, Normandie, France",5,695.2838808411749,7.75,10.183333333333334,15.25,104.85999999999999
"Lyon, Auvergne-Rhône-Alpes, France","Nancy, Grand-Est, France",5,335.79353998232534,4.0,10.366666666666665,15.916666666666666,22.0
"Carcassonne, Occitanie, France","Paris, Île-de-France, France",5,626.6444311990393,7.166666666666667,11.35,24.25,49.8
"Strasbourg, Grand-Est, France","Belfort, Bourgogne-Franche-Comté, France",5,123.16490225584256,1.8333333333333333,11.883333333333333,19.833333333333332,18.34
"Forbach, Grand-Est, France","Reims, Grand-Est, France",5,211.03592187027334,5.833333333333333,11.983333333333333,23.833333333333332,50.0
"Nice, Provence-Alpes-Côte d'Azur, France","Dijon, Bourgogne-Franche-Comté, France",5,440.95787687729165,11.5,12.0,12.75,26.1
"Troyes, Grand-Est, France","Pontarlier, Bourgogne-Franche-Comté, France",5,231.69702535893305,7.25,13.05,16.966666666666665,56.48
"Angers, Pays-de-la-Loire, France","Cluses, Auvergne-Rhône-Alpes, France",5,566.3428658567208,8.0,14.059999999999999,28.066666666666666,100.48
"Lille, Hauts-de-France, France","Mont-de-Marsan, Nouvelle-Aquitaine, France",5,797.8678741317989,7.866666666666666,14.233333333333334,32.0,122.46
"Bordeaux, Nouvelle-Aquitaine, France","Antibes, Provence-Alpes-Côte d'Azur, France",5,628.4504813620924,7.833333333333333,14.283333333333335,38.083333333333336,53.9
"Niort, Nouvelle-Aquitaine, France","Dijon, Bourgogne-Franche-Comté, France",5,434.38225135921516,6.0,14.466666666666665,23.833333333333332,40.54
"Saint-Brieuc, Bretagne, France","Bruxelles, Bruxelles-Capitale, Belgique",5,570.4602282278821,11.5,14.816666666666666,21.25,41.36
"Lille, Hauts-de-France, France","Nîmes, Occitanie, France",5,762.5032476497424,9.5,14.85,17.416666666666668,45.28
"Paris, Île-de-France, France","Megève, Auvergne-Rhône-Alpes, France",5,462.1439049217194,5.833333333333333,15.266666666666666,31.833333333333332,46.18
"Savona, Liguria, Italia","Marseille, Provence-Alpes-Côte d'Azur, France",5,273.10877210975457,12.25,15.4,18.416666666666668,62.5
"Mont-de-Marsan, Nouvelle-Aquitaine, France","Lille, Hauts-de-France, France",5,797.8678741317989,6.416666666666667,15.780000000000001,27.05,108.6
"Lons-le-Saunier, Bourgogne-Franche-Comté, France","Strasbourg, Grand-Est, France",5,268.3824299629461,14.166666666666666,16.1,19.916666666666668,37.86
"Bordeaux, Nouvelle-Aquitaine, France","Valencia, Comunitat Valenciana, España",5,593.9175175426338,8.333333333333334,16.2,19.5,78.97999999999999
"Perpignan, Occitanie, France","Paris, Île-de-France, France",5,685.1792788337843,8.0,16.983333333333334,41.166666666666664,57.379999999999995
"Paris, Île-de-France, France","Praha, Praha, Česko",5,883.0396173604528,15.5,17.116666666666667,18.25,53.339999999999996
"Angers, Pays-de-la-Loire, France","Montpellier, Occitanie, France",5,554.2122012623938,11.166666666666666,18.15,22.0,33.480000000000004
"Orléans, Centre-Val de Loire, France","Montpellier, Occitanie, France",5,503.1978620592439,6.166666666666667,19.86,31.95,69.22
"Venezia, Veneto, Italia","Praha, Praha, Česko",5,539.1601368686033,12.416666666666666,20.283333333333335,31.416666666666668,38.14
"Saint-Jean-de-Luz, Nouvelle-Aquitaine, France","Paris, Île-de-France, France",5,681.185267519828,14.416666666666666,21.483333333333334,32.416666666666664,47.760000000000005
"Tourcoing, Hauts-de-France, France","Perpignan, Occitanie, France",5,892.899745018359,11.833333333333334,21.766666666666666,44.166666666666664,59.32000000000001
"Paris, Île-de-France, France","Alcobaca, Centro, Portugal",5,1369.6069240812935,17.0,21.78333333333333,35.25,108.47999999999999
"Marseille, Provence-Alpes-Côte d'Azur, France","Roma, Lazio, Italia",5,603.336463225603,15.916666666666666,21.9,39.916666666666664,45.66
"Avignon, Provence-Alpes-Côte d'Azur, France","Angers, Pays-de-la-Loire, France",5,571.8942916728988,15.416666666666666,22.666666666666668,32.583333333333336,46.1
"Paris, Île-de-France, France","Linz, Oberösterreich, Österreich",5,879.0702099423066,19.5,23.333333333333336,28.083333333333332,61.82000000000001
"Rennes, Bretagne, France","Avignon, Provence-Alpes-Côte d'Azur, France",5,678.2482250539174,10.333333333333334,25.68333333333333,40.75,55.14
"Cluj-Napoca, Cluj, România","Paris, Île-de-France, France",5,1597.4206452363185,23.0,31.340000000000003,40.85,96.06
"Lille, Hauts-de-France, France","Charleroi, Wallonie, Belgique",4,99.74118035316478,1.3333333333333333,1.3333333333333333,1.3333333333333333,9.375
"Paris, Île-de-France, France","Beauvais Aéroport Paris, Hauts-de-France, France",4,70.47726018647847,1.1666666666666667,1.375,1.6666666666666667,9.0
"Dijon, Bourgogne-Franche-Comté, France","Besançon, Bourgogne-Franche-Comté, France",4,75.76160539522714,1.3333333333333333,1.5416666666666667,1.6666666666666667,7.625
"Hazebrouck, Hauts-de-France, France","Lille, Hauts-de-France, France",4,38.93286896098692,1.25,1.7375,2.7666666666666666,14.725
"Gerona, Cataluña, España","Perpignan, Occitanie, France",4,79.37912837259975,1.1666666666666667,1.75,2.6666666666666665,7.75
"Paris, Île-de-France, France","Chartres, Centre-Val de Loire, France",4,77.92973980777958,1.0,1.75,3.3333333333333335,7.625
"Carpentras, Provence-Alpes-Côte d'Azur, France","Marseille, Provence-Alpes-Côte d'Azur, France",4,87.84814790539097,1.3333333333333333,1.9791666666666665,2.433333333333333,17.85
"Paris, Île-de-France, France","Berck-sur-Mer, Hauts-de-France, France",4,182.55843061796222,2.5,2.625,2.6666666666666665,17.25
"Paris, Île-de-France, France","Boulogne-sur-Mer, Hauts-de-France, France",4,215.40422450563992,2.6666666666666665,3.0833333333333335,3.5,21.25
"Valence, Auvergne-Rhône-Alpes, France","Marseille Aéroport, Provence-Alpes-Côte d'Azur, France",4,167.27946064416042,2.0,4.020833333333333,8.25,17.625
"Aix-en-provence, Provence-Alpes-Côte d'Azur, France","Toulon, Provence-Alpes-Côte d'Azur, France",4,58.960764554711396,1.0,4.333333333333334,14.333333333333334,9.975
"Nantes, Pays-de-la-Loire, France","Disneyland Paris, Île-de-France, France",4,368.94984100855277,4.0,4.541666666666667,5.166666666666667,27.25
"Toulouse, Occitanie, France","Vichy, Auvergne-Rhône-Alpes, France",4,320.0080224756972,4.0,4.791666666666667,5.666666666666667,31.125
"Marseille, Provence-Alpes-Côte d'Azur, France","Castres, Occitanie, France",4,254.0866384893274,5.516666666666667,6.083333333333333,6.6,65.7
"Bruxelles, Bruxelles-Capitale, Belgique","Mannheim, Baden-Württemberg, Deutschland",4,330.3100067287591,4.166666666666667,6.508333333333334,9.833333333333334,119.25
"Vendôme, Centre-Val de Loire, France","Sète, Occitanie, France",4,529.4981281557085,6.833333333333333,6.941666666666666,7.266666666666667,73.125
"Bordeaux, Nouvelle-Aquitaine, France","Rambouillet, Île-de-France, France",4,461.5552661971291,5.833333333333333,7.041666666666666,9.5,41.0
"Angers, Pays-de-la-Loire, France","Agde, Occitanie, France",4,559.3880145469617,6.466666666666667,7.225,8.666666666666666,95.55
"Bruxelles, Bruxelles-Capitale, Belgique","Strasbourg, Grand-Est, France",4,351.6936399580464,3.8333333333333335,7.6875,12.666666666666666,32.75
"Arras, Hauts-de-France, France","Paris, Île-de-France, France",4,163.39030532612816,2.6666666666666665,8.083333333333334,13.416666666666666,26.525
"Paris, Île-de-France, France","Gap, Provence-Alpes-Côte d'Azur, France",4,580.5567586264209,7.333333333333333,8.291666666666666,9.166666666666666,53.625
"Paris, Île-de-France, France","Marseillan, Occitanie, France",4,621.664117660587,8.0,8.5,9.5,57.125
"Lyon, Auvergne-Rhône-Alpes, France","Tarbes, Occitanie, France",4,470.662188736027,7.083333333333333,8.916666666666666,11.416666666666666,55.25
"Nancy, Grand-Est, France","Saarbrücken, Saarland, Deutschland",4,90.41431766195603,1.3333333333333333,8.958333333333334,18.916666666666668,11.875
"Marseille, Provence-Alpes-Côte d'Azur, France","Bettembourg, Esch-sur-Alzette, Luxembourg",4,694.184683320163,7.833333333333333,9.291666666666666,12.5,64.875
"Paris, Île-de-France, France","Duesseldorf, Nordrhein-Westfalen, Deutschland",4,411.8663727995504,7.666666666666667,9.458333333333334,10.833333333333334,50.575
"Strasbourg, Grand-Est, France","Zürich, Zürich, Schweiz",4,146.2355590745453,4.833333333333333,9.625,14.416666666666666,16.7
"Liège, Wallonie, Belgique","London, England, United Kingdom",4,410.36186893463616,2.933333333333333,10.154166666666667,14.416666666666666,98.77499999999999
"Charleroi, Wallonie, Belgique","Bruxelles, Bruxelles-Capitale, Belgique",4,48.403038031034065,1.0,10.979166666666666,26.25,12.85
"Brive-la-Gaillarde, Nouvelle-Aquitaine, France","Nantes, Pays-de-la-Loire, France",4,328.7701600799743,4.666666666666667,11.125,27.5,24.875
"Strasbourg, Grand-Est, France","Reims, Grand-Est, France",4,283.895990926764,3.6666666666666665,11.6875,21.5,20.125
"Argelès-sur-Mer, Occitanie, France","Joué-lès-Tours, Centre-Val de Loire, France",4,565.7498603017425,7.666666666666667,11.954166666666666,23.816666666666666,82.575
"Troyes, Grand-Est, France","Aéroport Paris-Vatry (Bussy-Lettrée), Grand-Est, France",4,54.262834070220705,1.5,12.041666666666668,22.75,30.0
"Aix-en-provence, Provence-Alpes-Côte d'Azur, France","Perpignan, Occitanie, France",4,226.84172449956313,3.8333333333333335,12.4375,19.5,20.2
"Saint-Gilles-Croix-de-Vie, Pays-de-la-Loire, France","Rochefort, Nouvelle-Aquitaine, France",4,110.86453969648254,6.75,12.5,18.316666666666666,36.8
"Bordeaux, Nouvelle-Aquitaine, France","Gerona, Cataluña, España",4,420.4350385499857,10.166666666666666,12.625,17.333333333333332,50.225
"Valence, Auvergne-Rhône-Alpes, France","Saint-Dizier, Grand-Est, France",4,412.64205727375855,12.25,12.854166666666666,14.0,33.175
"Zürich, Zürich, Schweiz","Dijon, Bourgogne-Franche-Comté, France",4,264.57868585866754,8.166666666666666,12.958333333333334,17.75,18.725
"Belfort, Bourgogne-Franche-Comté, France","Europa Park Rust, Baden-Württemberg, Deutschland",4,94.11238432068004,4.083333333333333,13.25,25.916666666666668,18.95
"Châtellerault, Nouvelle-Aquitaine, France","Paris, Île-de-France, France",4,261.8485533657659,3.6666666666666665,13.416666666666666,22.833333333333332,29.15
"Cannes, Provence-Alpes-Côte d'Azur, France","Nîmes, Occitanie, France",4,215.72780053675788,6.416666666666667,13.541666666666668,24.166666666666668,16.85
"Marseille, Provence-Alpes-Côte d'Azur, France","Tours, Centre-Val de Loire, France",4,582.54008648046,12.0,13.583333333333334,14.583333333333334,53.349999999999994
"Bordeaux, Nouvelle-Aquitaine, France","Besançon, Bourgogne-Franche-Comté, France",4,574.9424540051596,9.333333333333334,15.895833333333336,19.416666666666668,38.425
"Rennes, Bretagne, France","Barcelona, Cataluña, España",4,803.9625877219283,12.166666666666666,17.041666666666668,19.0,69.125
"Tulle, Nouvelle-Aquitaine, France","Saarbrücken, Saarland, Deutschland",4,592.2026464813055,15.25,17.166666666666664,21.833333333333332,65.75
"Lannemezan, Occitanie, France","Lens, Hauts-de-France, France",4,833.4559860577618,10.333333333333334,17.729166666666664,21.75,52.175
"Nancy, Grand-Est, France","Barcelona, Cataluña, España",4,865.7412480893706,16.516666666666666,17.754166666666666,19.916666666666668,46.475
"Ravensburg, Baden-Württemberg, Deutschland","Rouen, Normandie, France",4,652.202194409855,16.25,17.791666666666668,19.333333333333332,51.4
"Montendre, Nouvelle-Aquitaine, France","Paris, Île-de-France, France",4,447.89160037700526,8.433333333333334,18.4875,27.133333333333333,77.95
"Paris, Île-de-France, France","Bremen, Bremen, Deutschland",4,651.7335941982776,15.75,18.833333333333332,20.5,61.15
"Paris, Île-de-France, France","Ansbach, Bayern, Deutschland",4,600.5463963835927,13.916666666666666,19.166666666666668,24.416666666666668,47.324999999999996
"Valenciennes, Hauts-de-France, France","Arles, Provence-Alpes-Côte d'Azur, France",4,742.6798537964203,10.666666666666666,19.875,25.833333333333332,46.724999999999994
"Toulon, Provence-Alpes-Côte d'Azur, France","Tours, Centre-Val de Loire, France",4,625.3479370844714,13.416666666666666,20.083333333333336,25.75,48.125
"Le Thor, Provence-Alpes-Côte d'Azur, France","Rochefort, Nouvelle-Aquitaine, France",4,520.4869478764863,9.666666666666666,20.233333333333334,25.366666666666667,106.875
"Saumur, Pays-de-la-Loire, France","Toulouse, Occitanie, France",4,426.5753257244277,11.916666666666666,20.416666666666664,34.5,32.9
"Barcelona, Cataluña, España","Frankfurt, Hessen, Deutschland",4,1092.837940036063,14.0,21.145833333333332,24.583333333333332,62.85
"Lyon, Auvergne-Rhône-Alpes, France","Roma, Lazio, Italia",4,749.0765095509662,16.75,21.479166666666668,30.666666666666668,41.099999999999994
"Bruxelles, Bruxelles-Capitale, Belgique","Venezia, Veneto, Italia",4,842.0933261222411,20.333333333333332,21.645833333333332,22.75,67.625
"Clermont-Ferrand, Auvergne-Rhône-Alpes, France","Madrid, Comunidad de Madrid, España",4,810.5892089666459,15.833333333333334,21.708333333333332,29.0,85.625
"Rennes, Bretagne, France","Laval, Pays-de-la-Loire, France",4,67.4694223447732,11.0,21.833333333333336,28.666666666666668,19.75
"Modena, Emilia-Romagna, Italia","Clermont-Ferrand, Auvergne-Rhône-Alpes, France",4,626.7106670402038,16.5,22.166666666666664,30.333333333333332,51.55
"Strasbourg, Grand-Est, France","Troyes, Grand-Est, France",4,270.8106101441878,14.916666666666666,22.270833333333332,29.25,27.475
"Colmar, Grand-Est, France","London, England, United Kingdom",4,658.3165773921438,18.25,23.395833333333332,36.5,43.45
"Paris, Île-de-France, France","Venezia, Veneto, Italia",4,842.4813383068482,18.583333333333332,25.020833333333336,33.083333333333336,60.925000000000004
"Mulhouse, Grand-Est, France","Marseille, Provence-Alpes-Côte d'Azur, France",4,517.5975418365571,24.583333333333332,25.166666666666668,25.916666666666668,41.45
"Paris, Île-de-France, France","Alicante,Valenciana, España",4,1189.9383096701813,24.333333333333332,25.583333333333332,26.833333333333332,106.95
"Avranches, Normandie, France","Morlaix, Bretagne, France",4,183.31611693435502,21.333333333333332,26.416666666666664,31.5,25.4
"Paris, Île-de-France, France","Copenhagen, Region Hovedstaden, Danmark",4,1026.6739432316824,20.0,27.416666666666668,34.833333333333336,81.175
"Nice, Provence-Alpes-Côte d'Azur, France","Rennes, Bretagne, France",4,843.9272484829531,29.416666666666668,30.925,34.416666666666664,103.325
"Nancy, Grand-Est, France","Berlin, Berlin, Deutschland",4,668.6769658503019,14.916666666666666,31.458333333333332,48.166666666666664,53.95
"Arles, Provence-Alpes-Côte d'Azur, France","Nîmes, Occitanie, France",3,27.56684600908683,1.0666666666666667,1.238888888888889,1.5666666666666667,11.700000000000001
"Paris, Île-de-France, France","Roye, Hauts-de-France, France",3,100.20510426611571,1.5,1.5,1.5,8.0
"Hyères, Provence-Alpes-Côte d'Azur, France","Marseille, Provence-Alpes-Côte d'Azur, France",3,65.07095412075181,1.5,1.5555555555555556,1.6666666666666667,7.5
"Brignoles, Provence-Alpes-Côte d'Azur, France","Avignon, Provence-Alpes-Côte d'Azur, France",3,117.96056597860833,1.5,1.6666666666666667,1.8333333333333333,10.5
"Sens, Bourgogne-Franche-Comté, France","Paris, Île-de-France, France",3,98.83995280037837,1.3333333333333333,1.6666666666666667,2.1666666666666665,9.333333333333334
"Lyon, Auvergne-Rhône-Alpes, France","Bourg-en-Bresse, Auvergne-Rhône-Alpes, France",3,56.67935713006093,1.1666666666666667,1.777777777777778,3.0,11.833333333333334
"Douai, Hauts-de-France, France","Paris, Île-de-France, France",3,176.7227055643875,1.6666666666666667,2.055555555555556,2.5,14.333333333333334
"Aubagne, Provence-Alpes-Côte d'Azur, France","Nice, Provence-Alpes-Côte d'Azur, France",3,139.0028495186343,2.0,2.5,3.1666666666666665,14.666666666666666
"Berck-sur-Mer, Hauts-de-France, France","Paris, Île-de-France, France",3,182.55843061796222,2.5,3.0,3.5,16.833333333333332
"Lyon, Auvergne-Rhône-Alpes, France","Lausanne, Vaud, Schweiz",3,162.02188339682056,2.6666666666666665,3.0,3.3333333333333335,16.5
"Roissy-en-France, Île-de-France, France","Dunkerque, Hauts-de-France, France",3,227.34835112828296,3.0,3.1666666666666665,3.3333333333333335,23.666666666666668
"Vannes, Bretagne, France","Challans, Pays-de-la-Loire, France",3,112.9013965266611,2.9166666666666665,3.172222222222222,3.3666666666666667,35.6
"Charleroi, Wallonie, Belgique","Chessy, Île-de-France, France",3,207.84583120629597,2.8333333333333335,3.277777777777778,3.5,23.666666666666668
"Châlons-en-Champagne, Grand-Est, France","Reims, Grand-Est, France",3,35.63190791887567,3.1666666666666665,3.3333333333333335,3.5,50.0
"Reims, Grand-Est, France","Dijon, Bourgogne-Franche-Comté, France",3,223.7077917895585,2.8333333333333335,3.5,4.166666666666667,23.166666666666668
"Reims, Grand-Est, France","Chalon-sur-Saône, Bourgogne-Franche-Comté, France",3,277.74444725308757,3.3333333333333335,3.7222222222222228,4.5,27.666666666666668
"Gourdan-Polignan, Occitanie, France","Montpellier, Occitanie, France",3,276.72265040802546,3.5,4.111111111111111,4.5,27.5
"Honfleur, Normandie, France","Nantes, Pays-de-la-Loire, France",3,274.27151140837134,4.0,4.166666666666667,4.333333333333333,29.666666666666668
"Auray, Bretagne, France","Paris, Île-de-France, France",3,416.79420360340725,4.833333333333333,5.0,5.166666666666667,36.333333333333336
"Clermont-Ferrand, Auvergne-Rhône-Alpes, France","Compiègne, Hauts-de-France, France",3,406.45519873875503,4.833333333333333,5.166666666666667,5.333333333333333,36.666666666666664
"Paris, Île-de-France, France","Parthenay, Nouvelle-Aquitaine, France",3,311.1005714588979,4.666666666666667,5.333333333333333,6.5,27.5
"Tours, Centre-Val de Loire, France","Loches, Centre-Val de Loire, France",3,36.03208719368725,2.2666666666666666,6.038888888888889,11.3,10.766666666666666
"Perpignan, Occitanie, France","Argelès-sur-Mer, Occitanie, France",3,20.182409985043815,1.7,6.127777777777777,14.7,9.2
"Toulouse, Occitanie, France","Albertville, Auvergne-Rhône-Alpes, France",3,452.21239712279504,6.166666666666667,6.666666666666667,7.333333333333333,53.333333333333336
"Marignier, Auvergne-Rhône-Alpes, France","Lille, Hauts-de-France, France",3,565.7490774857599,6.433333333333334,7.033333333333334,7.333333333333333,75.3
"LAVAVEIX LES MINES SNCF, Nouvelle-Aquitaine, France","Bordeaux, Nouvelle-Aquitaine, France",3,249.64710272454798,3.3333333333333335,7.211111111111111,9.75,40.0
"Nantes, Pays-de-la-Loire, France","Lillers, Hauts-de-France, France",3,470.1435721912476,7.0,7.222222222222221,7.333333333333333,43.333333333333336
"Château-Thierry, Hauts-de-France, France","Paris, Île-de-France, France",3,80.05307928344187,2.35,7.394444444444443,11.35,31.13333333333333
"Avignon, Provence-Alpes-Côte d'Azur, France","Paris Aéroport Orly, Île-de-France, France",3,564.0209726109362,7.333333333333333,7.611111111111111,8.166666666666666,53.833333333333336
"Narbonne, Occitanie, France","Alès, Occitanie, France",3,135.93071413738227,2.1666666666666665,8.1,11.683333333333334,24.933333333333334
"Sète, Occitanie, France","Paris Aéroport Orly, Île-de-France, France",3,601.9071087282995,7.833333333333333,8.555555555555555,9.166666666666666,54.0
"Toulouse, Occitanie, France","Ouistreham, Normandie, France",3,643.8100714336846,7.333333333333333,8.61111111111111,10.166666666666666,67.16666666666667
"Bordeaux, Nouvelle-Aquitaine, France","Hendaye, Nouvelle-Aquitaine, France",3,191.0508624326193,3.0,8.611111111111112,18.416666666666668,33.96666666666667
"Verdun, Grand-Est, France","Bar-Le-Duc, Grand-Est, France",3,46.235671882485846,2.7333333333333334,8.733333333333334,19.25,30.166666666666668
"Orléans, Centre-Val de Loire, France","Pau, Nouvelle-Aquitaine, France",3,541.6869549959742,8.333333333333334,8.905555555555557,10.05,52.666666666666664
"Épinal, Grand-Est, France","Strasbourg, Grand-Est, France",3,106.49040442517541,2.0,9.027777777777779,13.333333333333334,20.966666666666665
"Roma, Lazio, Italia","Pisa, Toscana, Italia",3,264.84360175729523,4.666666666666667,9.111111111111112,11.666666666666666,25.03333333333333
"Bruxelles, Bruxelles-Capitale, Belgique","Pierrelatte, Auvergne-Rhône-Alpes, France",3,718.8898819986364,8.666666666666666,9.388888888888888,10.166666666666666,68.5
"Paris, Île-de-France, France","Le Cannet, Provence-Alpes-Côte d'Azur, France",3,687.1156858139364,9.5,9.555555555555555,9.666666666666666,69.66666666666667
"Boulogne-sur-Mer, Hauts-de-France, France","Albertville, Auvergne-Rhône-Alpes, France",3,663.4323430250554,9.183333333333334,9.744444444444445,10.55,95.53333333333335
"Montpellier, Occitanie, France","Angers, Pays-de-la-Loire, France",3,554.2122012623938,7.45,10.816666666666668,12.5,80.93333333333334
"Castelnaudary, Occitanie, France","Luxembourg, Canton Luxembourg, Luxembourg",3,769.0090513891168,10.166666666666666,11.155555555555557,11.65,132.83333333333334
"Nice, Provence-Alpes-Côte d'Azur, France","Millau, Occitanie, France",3,334.732620015425,9.25,11.638888888888891,15.333333333333334,24.633333333333336
"Caen, Normandie, France","Bordeaux, Nouvelle-Aquitaine, France",3,483.20941909170364,7.0,11.722222222222221,17.333333333333332,38.1
"Arras, Hauts-de-France, France","Berck-sur-Mer, Hauts-de-France, France",3,86.79242442465448,1.5,12.222222222222221,19.083333333333332,15.5
"Reims, Grand-Est, France","Le Tréport-Mers, Normandie, France",3,210.80919478163722,7.533333333333333,12.622222222222222,20.916666666666668,44.166666666666664
"Marseille, Provence-Alpes-Côte d'Azur, France","Rennes, Bretagne, France",3,762.3007840357436,10.666666666666666,12.877777777777778,17.3,106.86666666666667
"Bruxelles, Bruxelles-Capitale, Belgique","Charleville-Mézières, Grand-Est, France",3,121.8784393655192,3.1166666666666667,13.633333333333333,24.116666666666667,47.699999999999996
"Toulouse, Occitanie, France","Dijon, Bourgogne-Franche-Comté, France",3,497.8684516316168,7.5,13.666666666666666,16.75,38.43333333333333
"Toulouse, Occitanie, France","Milano, Lombardia, Italia",3,646.3026415423416,12.083333333333334,13.861111111111112,17.416666666666668,99.96666666666665
"Béthune, Hauts-de-France, France","Le Touquet-Paris-Plage, Hauts-de-France, France",3,74.81057420711888,8.083333333333334,14.055555555555555,24.083333333333332,24.899999999999995
"Lille, Hauts-de-France, France","Arles, Provence-Alpes-Côte d'Azur, France",3,782.1147639783128,10.666666666666666,14.5,16.666666666666668,43.333333333333336
"Paris, Île-de-France, France","Hamburg, Hamburg, Deutschland",3,745.5475361802338,9.833333333333334,14.527777777777779,17.25,70.60000000000001
"Toulouse, Occitanie, France","Nancy, Grand-Est, France",3,666.3709780240354,8.5,14.555555555555557,18.666666666666668,47.1
"La Rochelle, Nouvelle-Aquitaine, France","Irun, Euskadi, España",3,316.9690837905936,13.75,14.777777777777779,15.5,87.66666666666667
"Chalon-sur-Saône, Bourgogne-Franche-Comté, France","Toulon, Provence-Alpes-Côte d'Azur, France",3,415.2662643278998,9.25,14.972222222222221,19.583333333333332,24.0
"Grenoble, Auvergne-Rhône-Alpes, France","Saint-Etienne-du-Rouvray, Normandie, France",3,581.2478490858335,6.833333333333333,15.844444444444443,24.15,102.8
"Lyon, Auvergne-Rhône-Alpes, France","Köln, Nordrhein-Westfalen, Deutschland",3,596.2376376634186,13.25,16.127777777777776,18.316666666666666,171.73333333333335
"Besançon, Bourgogne-Franche-Comté, France","Amsterdam, Noord-Holland, Nederland",3,579.1002919455545,15.5,16.583333333333332,18.25,38.96666666666667
"Paris, Île-de-France, France","Vechta, Niedersachsen, Deutschland",3,599.7367278863826,13.25,17.583333333333332,25.25,47.26666666666667
"Bordeaux, Nouvelle-Aquitaine, France","Les Sables-d'Olonne, Pays de la Loire, France",3,207.6947033210152,12.416666666666666,18.333333333333332,29.583333333333332,30.633333333333336
"Lyon, Auvergne-Rhône-Alpes, France","Mont-de-Marsan, Nouvelle-Aquitaine, France",3,470.0069998915466,13.15,18.433333333333334,26.15,95.7
"Besançon, Bourgogne-Franche-Comté, France","Avignon, Provence-Alpes-Côte d'Azur, France",3,377.43045548712485,15.916666666666666,18.47222222222222,21.5,27.633333333333336
"Annemasse, Auvergne-Rhône-Alpes, France","Angers, Pays-de-la-Loire, France",3,536.2400319209489,8.083333333333334,19.18888888888889,40.15,96.13333333333333
"Marseille, Provence-Alpes-Côte d'Azur, France","Frankfurt, Hessen, Deutschland",3,798.5087528354148,16.166666666666668,19.472222222222225,25.083333333333332,51.5
"Clermont-Ferrand, Auvergne-Rhône-Alpes, France","Hamburg, Hamburg, Deutschland",3,996.8879709145194,18.75,20.11111111111111,22.333333333333332,63.166666666666664
"Tours, Centre-Val de Loire, France","Nice, Provence-Alpes-Côte d'Azur, France",3,653.8723820212734,16.766666666666666,21.394444444444446,28.833333333333332,55.199999999999996
"Nîmes, Occitanie, France","Valencia, Comunitat Valenciana, España",3,627.2502099499154,20.583333333333332,21.694444444444443,23.416666666666668,82.46666666666667
"Rennes, Bretagne, France","Grenoble, Auvergne-Rhône-Alpes, France",3,649.2297442234775,8.5,22.36111111111111,34.416666666666664,42.333333333333336
"Paris, Île-de-France, France","Ljubljana, Osrednjeslovenska, Slovenija",3,963.8029907129397,20.833333333333332,22.472222222222218,23.333333333333332,70.23333333333333
"Le Havre, Normandie, France","Morlaix, Bretagne, France",3,306.138160185186,12.25,23.583333333333332,36.25,27.666666666666668
"Bordeaux, Nouvelle-Aquitaine, France","Murcia, Murcia, España",3,762.1163785187236,20.833333333333332,24.11111111111111,28.0,99.66666666666667
"Marseille, Provence-Alpes-Côte d'Azur, France","Strasbourg, Grand-Est, France",3,615.0648799735573,15.5,25.472222222222225,30.916666666666668,41.93333333333333
"Paris, Île-de-France, France","Murcia, Murcia, España",3,1239.043655105072,25.333333333333332,26.11111111111111,27.0,116.63333333333333
"Nice, Provence-Alpes-Côte d'Azur, France","Poitiers, Nouvelle-Aquitaine, France",3,629.2006396130516,24.75,26.638888888888886,27.833333333333332,60.86666666666667
"Lille, Hauts-de-France, France","Bratislava, Bratislavský kraj, Slovensko",3,1050.7913579721242,22.25,27.166666666666668,34.916666666666664,62.23333333333333
"Strasbourg, Grand-Est, France","Warsaw, Mazowieckie, Polska",3,1018.5550413317696,13.5,28.027777777777782,39.333333333333336,58.666666666666664
"Paris, Île-de-France, France","Kraków, Małopolskie, Polska",3,1275.7801842071567,22.25,29.138888888888886,32.916666666666664,53.0
"Roanne, Auvergne-Rhône-Alpes, France","Lorient, Bretagne, France",3,593.9716707118363,13.583333333333334,29.75,37.833333333333336,46.9
"Antwerpen, Vlaanderen, Belgique","Madrid, Comunidad de Madrid, España",3,1353.6129692635154,25.25,30.0,39.0,69.60000000000001
"Orléans, Centre-Val de Loire, France","Lisboa, Área Metropolitana de Lisboa, Portugal",3,1352.121321331028,24.666666666666668,32.0,42.333333333333336,72.3
"Lyon, Auvergne-Rhône-Alpes, France","Kraków, Małopolskie, Polska",3,1220.5956061406223,24.416666666666668,32.75,36.916666666666664,80.23333333333333
"Paris, Île-de-France, France","Сердика, Столична, България",3,1756.0592786405923,38.0,38.0,38.0,89.0
"Colmar, Grand-Est, France","Basel, Basel-Stadt, Schweiz, Suisse, Svizzera, Svizra",2,60.436785849247606,1.0,1.1666666666666665,1.3333333333333333,7.0
"Auxerre, Bourgogne-Franche-Comté, France","Tonnerre, Bourgogne-Franche-Comté, France",2,29.874954891291797,1.85,1.85,1.85,15.0
"Gardanne, Provence-Alpes-Côte d'Azur, France","Marseille, Provence-Alpes-Côte d'Azur, France",2,19.284122404712047,1.9333333333333333,2.1166666666666667,2.3,9.0
"Angers, Pays-de-la-Loire, France","Laval, Pays-de-la-Loire, France",2,68.01769930613662,1.9333333333333333,2.433333333333333,2.933333333333333,29.25
"Dijon, Bourgogne-Franche-Comté, France","Nancy, Grand-Est, France",2,169.27272764857386,2.5,2.5,2.5,24.75
"Fréjus, Provence-Alpes-Côte d'Azur, France","Nice, Provence-Alpes-Côte d'Azur, France",2,45.9138456110714,2.316666666666667,2.541666666666667,2.7666666666666666,13.350000000000001
"Hénin-Beaumont, Hauts-de-France, France","Paris, Île-de-France, France",2,179.7761944267236,2.5,2.583333333333333,2.6666666666666665,15.5
"Pierrelaye, Île-de-France, France","Villefranche-sur-Cher, Centre-Val de Loire, France",2,194.4047126702587,2.5,2.666666666666667,2.8333333333333335,16.25
"Strasbourg, Grand-Est, France","Frankfurt, Hessen, Deutschland",2,183.61465191227828,2.6666666666666665,2.75,2.8333333333333335,14.0
"La Brillanne - Oraison, Provence-Alpes-Côte d'Azur, France","Marseille, Provence-Alpes-Côte d'Azur, France",2,81.55387092211656,2.5833333333333335,2.8166666666666664,3.05,19.4
"Chalon-sur-Saône, Bourgogne-Franche-Comté, France","Bourg-en-Bresse, Auvergne-Rhône-Alpes, France",2,70.66529903785217,1.5,3.625,5.75,13.5
"Cherbourg, Normandie, France","Le Touquet-Paris-Plage, Hauts-de-France, France",2,249.28779753720502,4.333333333333333,4.5,4.666666666666667,31.0
"Lyon, Auvergne-Rhône-Alpes, France","Zürich, Zürich, Schweiz",2,334.60281857412895,4.5,4.666666666666666,4.833333333333333,33.5
"Lille, Hauts-de-France, France","Antwerpen, Vlaanderen, Belgique",2,113.14679124643494,1.5,4.958333333333333,8.416666666666666,21.5
"Rennes, Bretagne, France","Soissons, Hauts-de-France, France",2,393.8040249867123,4.95,5.025,5.1,66.6
"Annemasse, Auvergne-Rhône-Alpes, France","Marseille, Provence-Alpes-Côte d'Azur, France",2,329.9352283095367,5.0,5.166666666666666,5.333333333333333,37.25
"Saint-Brieuc, Bretagne, France","Gennevilliers, Île-de-France, France",2,373.11683317033584,4.833333333333333,5.166666666666666,5.5,35.25
"Chessy, Île-de-France, France","Lannion, Bretagne, France",2,456.24458046526854,5.166666666666667,5.166666666666667,5.166666666666667,37.5
"Marseille, Provence-Alpes-Côte d'Azur, France","Annecy, Auvergne-Rhône-Alpes, France",2,295.59356816466624,5.166666666666667,5.166666666666667,5.166666666666667,27.0
"Chalon-sur-Saône, Bourgogne-Franche-Comté, France","Marseille Aéroport, Provence-Alpes-Côte d'Azur, France",2,372.72281518925143,4.666666666666667,5.25,5.833333333333333,32.5
"Amiens, Hauts-de-France, France","Amsterdam, Noord-Holland, Nederland",2,328.8799594943514,5.066666666666666,5.566666666666666,6.066666666666666,62.2
"Paris, Île-de-France, France","Lausanne, Vaud, Schweiz",2,411.84776490909553,5.5,5.583333333333334,5.666666666666667,38.25
"La Rochelle, Nouvelle-Aquitaine, France","Rennes, Bretagne, France",2,218.27356891133863,4.416666666666667,5.708333333333334,7.0,14.45
"Genève, Genève, Schweiz","Perpignan, Occitanie, France",2,468.1859859419823,6.3,6.391666666666667,6.483333333333333,89.4
"Montélimar, Auvergne-Rhône-Alpes, France","Orléans, Centre-Val de Loire, France",2,439.7253142535058,6.666666666666667,6.75,6.833333333333333,39.75
"Bordeaux, Nouvelle-Aquitaine, France","Aix-en-provence, Provence-Alpes-Côte d'Azur, France",2,501.4751581674593,6.666666666666667,7.0,7.333333333333333,42.75
"Hyères, Provence-Alpes-Côte d'Azur, France","Neuchâtel, Neuchâtel, Schweiz",2,435.3892019153227,6.833333333333333,7.166666666666666,7.5,42.75
"Pau, Nouvelle-Aquitaine, France","Orléans, Centre-Val de Loire, France",2,541.6869549959742,6.833333333333333,7.333333333333333,7.833333333333333,54.0
"Saint-Étienne, Auvergne-Rhône-Alpes, France","Barcelona, Cataluña, España",2,485.7206943402109,6.833333333333333,7.416666666666666,8.0,47.5
"Toulouse, Occitanie, France","Angers, Pays-de-la-Loire, France",2,457.49911204544264,6.833333333333333,7.666666666666666,8.5,40.5
"Clamecy, Bourgogne-Franche-Comté, France","Auxerre, Bourgogne-Franche-Comté, France",2,36.98451822677492,5.266666666666667,7.75,10.233333333333333,20.0
"Genève, Genève, Schweiz","Marmande, Nouvelle-Aquitaine, France",2,504.007002458746,7.666666666666667,7.833333333333334,8.0,50.75
"Monaco, Monaco, Monaco","Roma, Lazio, Italia",2,461.55354996665295,8.0,8.083333333333332,8.166666666666666,49.5
"Tarbes, Occitanie, France","Metz, Grand-Est, France",2,804.682225224374,8.033333333333333,8.108333333333334,8.183333333333334,163.0
"Marseille, Provence-Alpes-Côte d'Azur, France","Annemasse, Auvergne-Rhône-Alpes, France",2,329.9352283095367,4.0,8.316666666666666,12.633333333333333,43.7
"Dax, Nouvelle-Aquitaine, France","Perpignan, Occitanie, France",2,338.9043515548284,5.0,8.333333333333332,11.666666666666666,94.5
"Brive-la-Gaillarde, Nouvelle-Aquitaine, France","Annecy, Auvergne-Rhône-Alpes, France",2,371.5152134041509,8.416666666666666,8.416666666666666,8.416666666666666,23.5
"Zürich, Zürich, Schweiz","Liège, Wallonie, Belgique",2,422.2095542118577,5.833333333333333,8.666666666666666,11.5,41.2
"Les Sables-d'Olonne, Pays de la Loire, France","Pau, Nouvelle-Aquitaine, France",2,372.6417459258551,7.783333333333333,8.675,9.566666666666666,58.0
"Paris, Île-de-France, France","Hyères, Provence-Alpes-Côte d'Azur, France",2,700.8094404946354,8.166666666666666,9.083333333333332,10.0,62.75
"Rennes, Bretagne, France","Verdun, Grand-Est, France",2,531.4000474963939,8.083333333333334,9.125,10.166666666666666,20.9
"Lyon, Auvergne-Rhône-Alpes, France","Utrecht, Utrecht, Nederland",2,701.0950120612525,8.666666666666666,9.25,9.833333333333334,69.25
"Vannes, Bretagne, France","Le Teich, Nouvelle-Aquitaine, France",2,362.45733642446015,8.983333333333333,9.541666666666666,10.1,67.4
"Münster, Nordrhein-Westfalen, Deutschland","Rouen, Normandie, France",2,537.8456788541553,7.166666666666667,10.041666666666666,12.916666666666666,46.7
"Genève, Genève, Schweiz","Amsterdam, Noord-Holland, Nederland",2,693.7793506265274,8.666666666666666,10.416666666666666,12.166666666666666,80.25
"Orthez, Nouvelle-Aquitaine, France","Nice, Provence-Alpes-Côte d'Azur, France",2,642.8034278720794,9.833333333333334,10.875,11.916666666666666,72.5
"Toulon, Provence-Alpes-Côte d'Azur, France","Nice, Provence-Alpes-Côte d'Azur, France",2,119.44937020788068,9.916666666666666,10.958333333333332,12.0,15.95
"Barcelona, Cataluña, España","Malaga, Andalucía, España",2,771.2260838652774,10.666666666666666,11.0,11.333333333333334,64.75
"Niort, Nouvelle-Aquitaine, France","Amsterdam, Noord-Holland, Nederland",2,777.9434690674016,8.383333333333333,11.191666666666666,14.0,101.7
"Brive-la-Gaillarde, Nouvelle-Aquitaine, France","Auxerre, Bourgogne-Franche-Comté, France",2,335.8075462993176,10.166666666666666,11.333333333333332,12.5,23.5
"Marseille, Provence-Alpes-Côte d'Azur, France","Amsterdam Aeroport, Noord-Holland, Nederland",2,1014.6146088142212,10.5,11.416666666666668,12.333333333333334,75.5
"Lille, Hauts-de-France, France","Le Cannet, Provence-Alpes-Côte d'Azur, France",2,839.7925578828576,11.666666666666666,12.416666666666666,13.166666666666666,86.0
"Perpignan, Occitanie, France","Orléans, Centre-Val de Loire, France",2,584.3864321435668,11.016666666666667,13.175,15.333333333333334,42.15
"Forbach, Grand-Est, France","Dijon, Bourgogne-Franche-Comté, France",2,249.29533918946672,11.916666666666666,13.208333333333332,14.5,35.4
"Douai, Hauts-de-France, France","Lille, Hauts-de-France, France",2,30.51302306687219,4.916666666666667,13.541666666666668,22.166666666666668,29.95
"Agen, Nouvelle-Aquitaine, France","Dijon, Bourgogne-Franche-Comté, France",2,490.8451542759431,12.4,13.708333333333334,15.016666666666667,117.55
"Argelès-sur-Mer, Occitanie, France","Rouen, Normandie, France",2,781.3370460387076,13.433333333333334,13.816666666666666,14.2,126.5
"Marseille, Provence-Alpes-Côte d'Azur, France","Tourcoing, Hauts-de-France, France",2,842.6985050371326,11.833333333333334,14.583333333333332,17.333333333333332,56.95
"Aix-en-provence, Provence-Alpes-Côte d'Azur, France","Angers, Pays-de-la-Loire, France",2,642.0557393368512,14.583333333333334,14.875,15.166666666666666,51.9
"Orléans, Centre-Val de Loire, France","Marseille, Provence-Alpes-Côte d'Azur, France",2,579.0159078229146,12.666666666666666,15.208333333333332,17.75,38.45
"Tremblay-en-France, Île-de-France, France","Dieppe, Normandie, France",2,149.85606144917656,14.916666666666666,15.416666666666666,15.916666666666666,37.849999999999994
"Calais, Hauts-de-France, France","Manchester, England, United Kingdom",2,395.56578596513174,11.416666666666666,15.625,19.833333333333332,42.365
"Nantes, Pays-de-la-Loire, France","Cardiff, Wales, UK",2,485.7165566675237,15.5,15.991666666666667,16.483333333333334,74.37
"Malaga, Andalucía, España","Avignon, Provence-Alpes-Côte d'Azur, France",2,1121.6584503660224,15.5,16.166666666666664,16.833333333333332,94.25
"Strasbourg, Grand-Est, France","Toulon, Provence-Alpes-Côte d'Azur, France",2,621.8161757919756,14.333333333333334,16.208333333333332,18.083333333333332,43.9
"Rouen, Normandie, France","Argelès-sur-Mer, Occitanie, France",2,781.3370460387076,15.45,16.483333333333334,17.516666666666666,118.25
"Angers, Pays-de-la-Loire, France","Cardiff, Wales, UK",2,483.5192344642291,14.25,17.0,19.75,51.69
"Verdun, Grand-Est, France","Amsterdam, Noord-Holland, Nederland",2,360.53840206738596,11.416666666666666,17.041666666666668,22.666666666666668,43.9
"Béziers, Occitanie, France","Strasbourg, Grand-Est, France",2,679.5184454869342,9.0,17.125,25.25,52.25
"Cherbourg-en-Cotentin, Normandie, France","Carcassonne, Occitanie, France",2,776.0736844760355,11.166666666666666,17.166666666666668,23.166666666666668,69.5
"Lyon, Auvergne-Rhône-Alpes, France","Alicante,Valenciana, España",2,934.5023177750421,11.833333333333334,17.416666666666668,23.0,104.7
"Amiens, Hauts-de-France, France","Pau, Nouvelle-Aquitaine, France",2,760.6547038696975,16.0,17.791666666666664,19.583333333333332,45.349999999999994
"Paris, Île-de-France, France","Salou, CAT, España",2,869.3503867072424,17.75,18.125,18.5,83.9
"Tours, Centre-Val de Loire, France","Aéroport Paris-Vatry (Bussy-Lettrée), Grand-Est, France",2,307.80000469334135,5.0,18.625,32.25,57.0
"Paris, Île-de-France, France","Leipzig, Sachsen, Deutschland",2,765.8850281807139,18.416666666666668,18.666666666666668,18.916666666666668,67.3
"Auch, Occitanie, France","Strasbourg, Grand-Est, France",2,776.9037190315453,10.666666666666666,18.741666666666667,26.816666666666666,100.5
"Dijon, Bourgogne-Franche-Comté, France","Charleville-Mézières, Grand-Est, France",2,272.6571620148945,14.083333333333334,19.125,24.166666666666668,20.45
"Bressuire, Nouvelle-Aquitaine, France","Toulouse, Occitanie, France",2,390.1640665248791,7.0,19.25,31.5,35.9
"Brest, Bretagne, France","Genève, Genève, Schweiz",2,836.5710526697968,18.5,19.375,20.25,82.8
"Roma, Lazio, Italia","Budapest, Közép-Magyarország, Magyarország",2,808.4513092595189,19.416666666666668,19.541666666666668,19.666666666666668,66.8
"Berlin, Berlin, Deutschland","Lyon, Auvergne-Rhône-Alpes, France",2,974.8027535180046,20.0,20.0,20.0,61.9
"Saint-Dizier, Grand-Est, France","Douai, Hauts-de-France, France",2,234.39405858401813,20.416666666666668,20.416666666666668,20.416666666666668,21.0
"Nevers, Bourgogne-Franche-Comté, France","Madrid, Comunidad de Madrid, España",2,914.4392068179524,20.083333333333332,21.125,22.166666666666668,71.35
"Tours, Centre-Val de Loire, France","Narbonne, Occitanie, France",2,499.96587173065774,18.833333333333332,21.541666666666664,24.25,46.95
"Paris, Île-de-France, France","Bremerhaven, Bremen, Deutschland",2,678.138101356034,22.5,22.833333333333336,23.166666666666668,36.0
"Bordeaux, Nouvelle-Aquitaine, France","Genève, Genève, Schweiz",2,545.2748893372635,20.583333333333332,23.416666666666664,26.25,66.9
"Paris, Île-de-France, France","Warsaw, Mazowieckie, Polska",2,1362.25922520365,24.916666666666668,25.666666666666668,26.416666666666668,70.45
"Bordeaux, Nouvelle-Aquitaine, France","London, England, United Kingdom",2,742.8246154713067,26.0,26.183333333333334,26.366666666666667,105.5
"Hamburg, Hamburg, Deutschland","Clermont-Ferrand, Auvergne-Rhône-Alpes, France",2,996.8879709145194,26.583333333333332,26.958333333333332,27.333333333333332,56.8
"Clermont-Ferrand, Auvergne-Rhône-Alpes, France","Göteborg, Västra Götalands län, Sverige",2,1458.8628958507986,19.5,30.916666666666668,42.333333333333336,134.7
"Bruxelles, Bruxelles-Capitale, Belgique","Murcia, Murcia, España",2,1491.455730778931,30.916666666666668,31.166666666666668,31.416666666666668,125.95
"Narbonne, Occitanie, France","Lisboa, Área Metropolitana de Lisboa, Portugal",2,1131.3370944316987,31.666666666666668,32.291666666666664,32.916666666666664,101.95
"Paris, Île-de-France, France","Brindisi, Puglia, Italia",2,1528.2667288740633,32.083333333333336,32.708333333333336,33.333333333333336,81.25
"Paris, Île-de-France, France","Cluj-Napoca, Cluj, România",2,1597.4206452363185,32.166666666666664,32.95833333333333,33.75,90.8
"Paris, Île-de-France, France","Stockholm, Stockholms län, Sverige",2,1544.354012264604,33.5,33.5,33.5,78.9
"Torino, Piemonte, Italia","München, Bayern, Deutschland",2,452.30573516433446,31.3,34.3,37.3,163.0
"Quimper, Bretagne, France","Dublin, Leinster, Ireland",2,614.0616085416873,31.25,36.5,41.75,137.16
"Vicenza, Veneto, Italia","Pau, Nouvelle-Aquitaine, France",2,976.7627479674645,41.916666666666664,41.916666666666664,41.916666666666664,76.7
"Rennes, Bretagne, France","Dublin, Leinster, Ireland",2,667.3343013861924,43.583333333333336,44.41666666666667,45.25,140.96
"Saint-Brieuc, Bretagne, France","Grenoble, Auvergne-Rhône-Alpes, France",2,743.9795195759323,45.166666666666664,47.25,49.333333333333336,39.0
"Saint-Étienne, Auvergne-Rhône-Alpes, France","Le Puy-en-Velay, Auvergne-Rhône-Alpes, France",1,60.07437818650239,1.1666666666666667,1.1666666666666667,1.1666666666666667,7.0
"Besançon, Bourgogne-Franche-Comté, France","Dijon, Bourgogne-Franche-Comté, France",1,75.76160539522714,1.3333333333333333,1.3333333333333333,1.3333333333333333,7.0
"Ville de Bruxelles - Stad Brussel, Région de Bruxelles-Capitale - Brussels Hoofdstedelijk Gewest, België - Belgique - Belgien","Lille, Hauts-de-France, France",1,93.63247239843844,1.3333333333333333,1.3333333333333333,1.3333333333333333,12.0
"Auxerre, Bourgogne-Franche-Comté, France","Clamecy, Bourgogne-Franche-Comté, France",1,36.98451822677492,1.55,1.55,1.55,15.0
"Albias, Occitanie, France","Brive-la-Gaillarde, Nouvelle-Aquitaine, France",1,117.43424782635533,1.6666666666666667,1.6666666666666667,1.6666666666666667,12.0
"Argelès-sur-Mer, Occitanie, France","Narbonne, Occitanie, France",1,71.66886556198864,2.0,2.0,2.0,9.5
"Brive-la-Gaillarde, Nouvelle-Aquitaine, France","Clermont-Ferrand, Auvergne-Rhône-Alpes, France",1,142.80538950907808,2.0,2.0,2.0,13.0
"Le Puy-en-Velay, Auvergne-Rhône-Alpes, France","Aix-les-Bains, Auvergne-Rhône-Alpes, France",1,173.5749258115983,2.6666666666666665,2.6666666666666665,2.6666666666666665,17.0
"Marseille Aéroport, Provence-Alpes-Côte d'Azur, France","Montélimar, Auvergne-Rhône-Alpes, France",1,121.38689114371724,2.8333333333333335,2.8333333333333335,2.8333333333333335,11.0
"Reims, Grand-Est, France","Bruxelles, Bruxelles-Capitale, Belgique",1,181.77424501782576,3.0,3.0,3.0,26.5
"Girona, Cataluña, España","Figueres, Cataluña, España",1,44.17034929451338,3.5,3.5,3.5,24.0
"Namur, Wallonie, Belgique","Chessy, Île-de-France, France",1,232.1768568452102,3.5,3.5,3.5,24.0
"Tournai, Wallonie, Belgique","Amsterdam, Noord-Holland, Nederland",1,221.19913527665202,3.5,3.5,3.5,23.0
"Neuchâtel, Neuchâtel, Schweiz","Frankfurt, Hessen, Deutschland",1,369.9799622821074,4.166666666666667,4.166666666666667,4.166666666666667,24.0
"Strasbourg, Grand-Est, France","Lons-le-Saunier, Bourgogne-Franche-Comté, France",1,268.3824299629461,4.5,4.5,4.5,27.5
"Lille, Hauts-de-France, France","London, England, United Kingdom",1,243.8018242864105,4.666666666666667,4.666666666666667,4.666666666666667,35.0
"Soissons, Hauts-de-France, France","Nantes, Pays-de-la-Loire, France",1,429.67650341641547,5.166666666666667,5.166666666666667,5.166666666666667,35.0
"Château-Thierry, Hauts-de-France, France","Reims, Grand-Est, France",1,46.89219194829701,5.666666666666667,5.666666666666667,5.666666666666667,37.0
"Marseille, Provence-Alpes-Côte d'Azur, France","Millau, Occitanie, France",1,204.79497366268066,5.666666666666667,5.666666666666667,5.666666666666667,15.5
"Brest, Bretagne, France","Paris Aéroport Orly, Île-de-France, France",1,506.60368160247725,5.833333333333333,5.833333333333333,5.833333333333333,40.5
"Tonneins, Nouvelle-Aquitaine, France","Orléans, Centre-Val de Loire, France",1,409.5287109909619,6.05,6.05,6.05,52.2
"Portsmouth, England, UK","Plymouth, England, UK",1,221.77655200231862,6.166666666666667,6.166666666666667,6.166666666666667,25.0
"Bordeaux, Nouvelle-Aquitaine, France","Montélimar, Auvergne-Rhône-Alpes, France",1,423.83599093866275,6.333333333333333,6.333333333333333,6.333333333333333,52.5
"Folkestone, England, United Kingdom","Strasbourg, Grand-Est, France",1,548.1678980750642,6.333333333333333,6.333333333333333,6.333333333333333,46.5
"Nantes, Pays-de-la-Loire, France","Vichy, Auvergne-Rhône-Alpes, France",1,397.6983598319715,6.383333333333334,6.383333333333334,6.383333333333334,66.5
"Paris, Île-de-France, France","Cessieu, Auvergne-Rhône-Alpes, France",1,430.87368106115434,6.5,6.5,6.5,43.0
"Tarbes, Occitanie, France","Nice, Provence-Alpes-Côte d'Azur, France",1,577.4958686483909,6.666666666666667,6.666666666666667,6.666666666666667,47.5
"Marseille Aéroport, Provence-Alpes-Côte d'Azur, France","Limoges, Nouvelle-Aquitaine, France",1,410.7640982399913,7.0,7.0,7.0,51.5
"Metzeral, Grand-Est, France","Angers, Pays-de-la-Loire, France",1,573.809292343917,7.133333333333334,7.133333333333334,7.133333333333334,170.0
"Montluçon, Auvergne-Rhône-Alpes, France","Strasbourg, Grand-Est, France",1,460.46023444895775,7.333333333333333,7.333333333333333,7.333333333333333,33.5
"Royan, Nouvelle-Aquitaine, France","Paimpol, Bretagne, France",1,382.3999082227167,7.333333333333333,7.333333333333333,7.333333333333333,24.0
"Charleroi, Wallonie, Belgique","Le Touquet-Paris-Plage, Hauts-de-France, France",1,202.57738563926048,7.583333333333333,7.583333333333333,7.583333333333333,33.8
"Alpe d'Huez, Auvergne-Rhône-Alpes, France","Bordeaux, Nouvelle-Aquitaine, France",1,523.822503254771,7.666666666666667,7.666666666666667,7.666666666666667,45.5
"Gütersloh, Nordrhein-Westfalen, Deutschland","Paris, Île-de-France, France",1,545.8382955340908,7.666666666666667,7.666666666666667,7.666666666666667,36.0
"Perpignan, Occitanie, France","Alicante,Valenciana, España",1,562.0763113432319,7.666666666666667,7.666666666666667,7.666666666666667,50.0
"Bressuire, Nouvelle-Aquitaine, France","Chamonix, Auvergne-Rhône-Alpes, France",1,572.3461197545435,7.833333333333333,7.833333333333333,7.833333333333333,53.5
"Roye, Hauts-de-France, France","Rodez, Occitanie, France",1,595.5522214767201,8.333333333333334,8.333333333333334,8.333333333333334,56.0
"Belfort, Bourgogne-Franche-Comté, France","Toulouse, Occitanie, France",1,614.140413424741,9.166666666666666,9.166666666666666,9.166666666666666,61.5
"Gerona, Cataluña, España","Tarragona, CAT, España",1,164.29165467291912,9.166666666666666,9.166666666666666,9.166666666666666,98.0
"Blois-Chambord, Centre-Val de Loire, France","Amsterdam, Noord-Holland, Nederland",1,590.0771824775801,9.333333333333334,9.333333333333334,9.333333333333334,57.0
"Laval, Pays-de-la-Loire, France","Angers, Pays-de-la-Loire, France",1,68.01769930613662,9.333333333333334,9.333333333333334,9.333333333333334,26.9
"Reims, Grand-Est, France","Les Sables-d'Olonne, Pays de la Loire, France",1,525.8923703509824,9.75,9.75,9.75,31.9
"Narbonne, Occitanie, France","Thonon-les-Bains, Auvergne-Rhône-Alpes, France",1,447.6263049697258,10.333333333333334,10.333333333333334,10.333333333333334,98.5
"Bern, Berne, Schweiz","Amsterdam, Noord-Holland, Nederland",1,633.3918448290083,10.666666666666666,10.666666666666666,10.666666666666666,72.0
"Vitré, Bretagne, France","Nice, Provence-Alpes-Côte d'Azur, France",1,818.0895178263196,11.083333333333334,11.083333333333334,11.083333333333334,150.7
"Bergamo, Lombardia, Italia","Valkenswaard, Noord-Brabant, Nederland",1,701.4713428610869,11.166666666666666,11.166666666666666,11.166666666666666,59.0
"Lyon, Auvergne-Rhône-Alpes, France","Valencia, Comunitat Valenciana, España",1,820.5948574393534,11.333333333333334,11.333333333333334,11.333333333333334,76.5
"Marmande, Nouvelle-Aquitaine, France","Morteau, Bourgogne-Franche-Comté, France",1,573.848028728966,11.833333333333334,11.833333333333334,11.833333333333334,39.5
"Marseille, Provence-Alpes-Côte d'Azur, France","Laon, Hauts-de-France, France",1,709.9859708962377,11.833333333333334,11.833333333333334,11.833333333333334,67.5
"Barcelona, Cataluña, España","Bern, Berne, Schweiz",1,747.5287748632035,12.5,12.5,12.5,76.0
"Belfort, Bourgogne-Franche-Comté, France","Aachen, Nordrhein-Westfalen, Deutschland",1,353.2393984921182,12.916666666666666,12.916666666666666,12.916666666666666,31.9
"Marseille, Provence-Alpes-Côte d'Azur, France","Paris Aéroport Orly, Île-de-France, France",1,647.8234698102046,14.666666666666666,14.666666666666666,14.666666666666666,59.0
"Avignon, Provence-Alpes-Côte d'Azur, France","Valencia, Comunitat Valenciana, España",1,660.6995593468098,14.916666666666666,14.916666666666666,14.916666666666666,87.0
"Saint-Étienne, Auvergne-Rhône-Alpes, France","Pau, Nouvelle-Aquitaine, France",1,447.5453196211869,15.083333333333334,15.083333333333334,15.083333333333334,66.9
"Rochefort, Nouvelle-Aquitaine, France","Lyon, Auvergne-Rhône-Alpes, France",1,449.18964799469364,15.583333333333334,15.583333333333334,15.583333333333334,43.9
"Ljubljana, Osrednjeslovenska, Slovenija","Split, Splitsko-dalmatinska županija, Hrvatska",1,321.89719175538414,15.933333333333334,15.933333333333334,15.933333333333334,24.5
"Rolleville, Normandie, France","Saint-Omer, Hauts-de-France, France",1,195.74711940994817,16.05,16.05,16.05,68.4
"Lens, Hauts-de-France, France","Lannemezan, Occitanie, France",1,833.4559860577618,16.416666666666668,16.416666666666668,16.416666666666668,46.9
"Bremen, Bremen, Deutschland","Paris, Île-de-France, France",1,651.7335941982776,16.75,16.75,16.75,47.8
"Malaga, Andalucía, España","Marseille, Provence-Alpes-Côte d'Azur, France",1,1109.1002182710697,16.833333333333332,16.833333333333332,16.833333333333332,90.0
"Nantes, Pays-de-la-Loire, France","Tarragona, CAT, España",1,716.6386378233673,17.416666666666668,17.416666666666668,17.416666666666668,87.0
"Toulouse, Occitanie, France","Roanne, Auvergne-Rhône-Alpes, France",1,340.7775054494431,17.666666666666668,17.666666666666668,17.666666666666668,57.9
"Malaga, Andalucía, España","Paris, Île-de-France, France",1,1457.2322959391058,18.5,18.5,18.5,140.5
"Montpellier, Occitanie, France","Madrid, Comunidad de Madrid, España",1,722.1904035744998,18.833333333333332,18.833333333333332,18.833333333333332,83.0
"Cannes, Provence-Alpes-Côte d'Azur, France","Orléans, Centre-Val de Loire, France",1,625.9457870804221,19.0,19.0,19.0,36.0
"Marseille, Provence-Alpes-Côte d'Azur, France","Madrid, Comunidad de Madrid, España",1,816.2522540288187,19.166666666666668,19.166666666666668,19.166666666666668,85.0
"Valenciennes, Hauts-de-France, France","Montpellier, Occitanie, France",1,747.3720734124374,19.666666666666668,19.666666666666668,19.666666666666668,28.5
"Paris, Île-de-France, France","Treviso, Veneto, Italia",1,825.1553829378706,20.25,20.25,20.25,71.8
"Valenciennes, Hauts-de-France, France","Salou, CAT, España",1,1044.145276130128,20.416666666666668,20.416666666666668,20.416666666666668,91.0
"Montélimar, Auvergne-Rhône-Alpes, France","Barcelona, Cataluña, España",1,403.66669565997256,20.5,20.5,20.5,27.9
"Lyon, Auvergne-Rhône-Alpes, France","Madrid, Comunidad de Madrid, España",1,912.502543413729,20.75,20.75,20.75,89.0
"Fréjus, Provence-Alpes-Côte d'Azur, France","Reims, Grand-Est, France",1,676.1278141677409,21.316666666666666,21.316666666666666,21.316666666666666,136.9
"Nantes, Pays-de-la-Loire, France","Berlin, Berlin, Deutschland",1,1216.1983511409685,21.75,21.75,21.75,57.9
"Aéroport Paris-Vatry (Bussy-Lettrée), Grand-Est, France","Troyes, Grand-Est, France",1,54.262834070220705,21.916666666666668,21.916666666666668,21.916666666666668,53.0
"Lens, Hauts-de-France, France","Biarritz, Nouvelle-Aquitaine, France",1,840.9244355882565,23.916666666666668,23.916666666666668,23.916666666666668,37.9
"Nice, Provence-Alpes-Côte d'Azur, France","Arles, Provence-Alpes-Côte d'Azur, France",1,207.49690026763858,24.166666666666668,24.166666666666668,24.166666666666668,64.8
"Poitiers, Nouvelle-Aquitaine, France","Bressuire, Nouvelle-Aquitaine, France",1,68.4593710981255,24.283333333333335,24.283333333333335,24.283333333333335,32.7
"Niort, Nouvelle-Aquitaine, France","Mâcon, Bourgogne-Franche-Comté, France",1,407.98387350285884,25.083333333333332,25.083333333333332,25.083333333333332,44.9
"Verviers, Wallonie, Belgique","Granada, Andalucía, España",1,1669.1352120426707,26.0,26.0,26.0,129.0
"Münster, Nordrhein-Westfalen, Deutschland","Nice, Provence-Alpes-Côte d'Azur, France",1,922.9386569382539,26.333333333333332,26.333333333333332,26.333333333333332,81.9
"Kraków, Małopolskie, Polska","Lyon, Auvergne-Rhône-Alpes, France",1,1220.5956061406223,27.916666666666668,27.916666666666668,27.916666666666668,71.9
"Bruxelles, Bruxelles-Capitale, Belgique","Lisboa, Área Metropolitana de Lisboa, Portugal",1,1708.0891211050637,29.166666666666668,29.166666666666668,29.166666666666668,153.5
"Paris, Île-de-France, France","Oslo, Oslo, Norge",1,1341.1817827258355,33.25,33.25,33.25,165.4
"Lille, Hauts-de-France, France","Oslo, Oslo, Norge",1,1136.7225142657007,39.583333333333336,39.583333333333336,39.583333333333336,86.9
"Bucharest, Bucharest, România","Paris, Île-de-France, France",1,1870.1746037314763,47.5,47.5,47.5,163.95
